{"1":{"sWeaponId":1,"sWeaponLv":1,"sWeaponperiod":1,"sDps":5,"showTips":15,"sBulletNumber":1,"sFireFrequency":130,"sModel":"1.png","upNLv":1,"pre_lv":30,"sCoin":400,"sChoice":1,"sBullet":23,"sPic":"ui_weapons/deputy_weapon_1.png","weapons_count":1,"showPic":"ui_weapons/deputy_weapon_ui_1.png","s_ballistic_id":1},"2":{"sWeaponId":2,"sWeaponLv":2,"sWeaponperiod":1,"sDps":6,"showTips":18,"sBulletNumber":1,"sFireFrequency":130,"sModel":"1.png","upNLv":1,"pre_lv":31,"sCoin":1200,"sChoice":1,"sBullet":23,"sPic":"ui_weapons/deputy_weapon_1.png","weapons_count":1,"showPic":"ui_weapons/deputy_weapon_ui_1.png","s_ballistic_id":1},"3":{"sWeaponId":3,"sWeaponLv":3,"sWeaponperiod":1,"sDps":7,"showTips":21,"sBulletNumber":1,"sFireFrequency":130,"sModel":"1.png","upNLv":1,"pre_lv":32,"sCoin":1200,"sChoice":1,"sBullet":24,"sPic":"ui_weapons/deputy_weapon_1.png","weapons_count":1,"showPic":"ui_weapons/deputy_weapon_ui_1.png","s_ballistic_id":1},"4":{"sWeaponId":4,"sWeaponLv":4,"sWeaponperiod":1,"sDps":8,"showTips":24,"sBulletNumber":1,"sFireFrequency":130,"sModel":"1.png","upNLv":1,"pre_lv":33,"sCoin":1200,"sChoice":1,"sBullet":25,"sPic":"ui_weapons/deputy_weapon_1.png","weapons_count":1,"showPic":"ui_weapons/deputy_weapon_ui_1.png","s_ballistic_id":1},"5":{"sWeaponId":5,"sWeaponLv":5,"sWeaponperiod":1,"sDps":9,"showTips":27,"sBulletNumber":1,"sFireFrequency":130,"sModel":"1.png","upNLv":1,"pre_lv":34,"sCoin":1200,"sChoice":1,"sBullet":26,"sPic":"ui_weapons/deputy_weapon_1.png","weapons_count":1,"showPic":"ui_weapons/deputy_weapon_ui_1.png","s_ballistic_id":1},"6":{"sWeaponId":6,"sWeaponLv":6,"sWeaponperiod":1,"sDps":10,"showTips":30,"sBulletNumber":1,"sFireFrequency":130,"sModel":"1.png","upNLv":1,"pre_lv":35,"sCoin":1280,"sChoice":1,"sBullet":27,"sPic":"ui_weapons/deputy_weapon_1.png","weapons_count":1,"showPic":"ui_weapons/deputy_weapon_ui_1.png","s_ballistic_id":1},"7":{"sWeaponId":7,"sWeaponLv":7,"sWeaponperiod":1,"sDps":11,"showTips":33,"sBulletNumber":2,"sFireFrequency":130,"sModel":"2.png","upNLv":1,"pre_lv":36,"sCoin":1280,"sChoice":1,"sBullet":23,"sPic":"ui_weapons/deputy_weapon_1.png","weapons_count":2,"showPic":"ui_weapons/deputy_weapon_ui_1.png","s_ballistic_id":1},"8":{"sWeaponId":8,"sWeaponLv":8,"sWeaponperiod":1,"sDps":12,"showTips":36,"sBulletNumber":2,"sFireFrequency":130,"sModel":"2.png","upNLv":1,"pre_lv":37,"sCoin":1280,"sChoice":1,"sBullet":23,"sPic":"ui_weapons/deputy_weapon_1.png","weapons_count":2,"showPic":"ui_weapons/deputy_weapon_ui_1.png","s_ballistic_id":1},"9":{"sWeaponId":9,"sWeaponLv":9,"sWeaponperiod":1,"sDps":13,"showTips":39,"sBulletNumber":2,"sFireFrequency":130,"sModel":"2.png","upNLv":1.5,"pre_lv":39,"sCoin":1920,"sChoice":1,"sBullet":24,"sPic":"ui_weapons/deputy_weapon_1.png","weapons_count":2,"showPic":"ui_weapons/deputy_weapon_ui_1.png","s_ballistic_id":1},"10":{"sWeaponId":10,"sWeaponLv":10,"sWeaponperiod":1,"sDps":14,"showTips":42,"sBulletNumber":2,"sFireFrequency":130,"sModel":"2.png","upNLv":1.5,"pre_lv":41,"sCoin":2040,"sChoice":1,"sBullet":24,"sPic":"ui_weapons/deputy_weapon_1.png","weapons_count":2,"showPic":"ui_weapons/deputy_weapon_ui_1.png","s_ballistic_id":2},"11":{"sWeaponId":11,"sWeaponLv":11,"sWeaponperiod":1,"sDps":15,"showTips":45,"sBulletNumber":2,"sFireFrequency":130,"sModel":"2.png","upNLv":1.5,"pre_lv":43,"sCoin":2040,"sChoice":1,"sBullet":25,"sPic":"ui_weapons/deputy_weapon_1.png","weapons_count":2,"showPic":"ui_weapons/deputy_weapon_ui_1.png","s_ballistic_id":2},"12":{"sWeaponId":12,"sWeaponLv":12,"sWeaponperiod":1,"sDps":16,"showTips":48,"sBulletNumber":2,"sFireFrequency":130,"sModel":"2.png","upNLv":1.5,"pre_lv":45,"sCoin":2160,"sChoice":1,"sBullet":26,"sPic":"ui_weapons/deputy_weapon_1.png","weapons_count":2,"showPic":"ui_weapons/deputy_weapon_ui_1.png","s_ballistic_id":2},"13":{"sWeaponId":13,"sWeaponLv":13,"sWeaponperiod":1,"sDps":17,"showTips":51,"sBulletNumber":2,"sFireFrequency":130,"sModel":"2.png","upNLv":1.5,"pre_lv":47,"sCoin":2160,"sChoice":1,"sBullet":27,"sPic":"ui_weapons/deputy_weapon_1.png","weapons_count":2,"showPic":"ui_weapons/deputy_weapon_ui_1.png","s_ballistic_id":2},"14":{"sWeaponId":14,"sWeaponLv":14,"sWeaponperiod":1,"sDps":18,"showTips":54,"sBulletNumber":3,"sFireFrequency":130,"sModel":"3.png","upNLv":1.5,"pre_lv":49,"sCoin":2160,"sChoice":1,"sBullet":23,"sPic":"ui_weapons/deputy_weapon_1.png","weapons_count":2,"showPic":"ui_weapons/deputy_weapon_ui_1.png","s_ballistic_id":4},"15":{"sWeaponId":15,"sWeaponLv":15,"sWeaponperiod":1,"sDps":19,"showTips":57,"sBulletNumber":3,"sFireFrequency":130,"sModel":"3.png","upNLv":1.5,"pre_lv":51,"sCoin":2280,"sChoice":1,"sBullet":23,"sPic":"ui_weapons/deputy_weapon_1.png","weapons_count":2,"showPic":"ui_weapons/deputy_weapon_ui_1.png","s_ballistic_id":4},"16":{"sWeaponId":16,"sWeaponLv":16,"sWeaponperiod":1,"sDps":20,"showTips":60,"sBulletNumber":3,"sFireFrequency":130,"sModel":"3.png","upNLv":1.5,"pre_lv":53,"sCoin":2280,"sChoice":1,"sBullet":24,"sPic":"ui_weapons/deputy_weapon_1.png","weapons_count":2,"showPic":"ui_weapons/deputy_weapon_ui_1.png","s_ballistic_id":4},"17":{"sWeaponId":17,"sWeaponLv":17,"sWeaponperiod":1,"sDps":21,"showTips":63,"sBulletNumber":3,"sFireFrequency":130,"sModel":"3.png","upNLv":1.5,"pre_lv":55,"sCoin":2400,"sChoice":1,"sBullet":24,"sPic":"ui_weapons/deputy_weapon_1.png","weapons_count":2,"showPic":"ui_weapons/deputy_weapon_ui_1.png","s_ballistic_id":5},"18":{"sWeaponId":18,"sWeaponLv":18,"sWeaponperiod":1,"sDps":22,"showTips":66,"sBulletNumber":3,"sFireFrequency":130,"sModel":"3.png","upNLv":1.5,"pre_lv":57,"sCoin":2400,"sChoice":1,"sBullet":25,"sPic":"ui_weapons/deputy_weapon_1.png","weapons_count":2,"showPic":"ui_weapons/deputy_weapon_ui_1.png","s_ballistic_id":5},"19":{"sWeaponId":19,"sWeaponLv":19,"sWeaponperiod":1,"sDps":23,"showTips":69,"sBulletNumber":3,"sFireFrequency":130,"sModel":"3.png","upNLv":1.5,"pre_lv":59,"sCoin":2400,"sChoice":1,"sBullet":26,"sPic":"ui_weapons/deputy_weapon_1.png","weapons_count":2,"showPic":"ui_weapons/deputy_weapon_ui_1.png","s_ballistic_id":5},"20":{"sWeaponId":20,"sWeaponLv":20,"sWeaponperiod":1,"sDps":25,"showTips":75,"sBulletNumber":3,"sFireFrequency":130,"sModel":"3.png","upNLv":2.5,"pre_lv":62,"sCoin":4200,"sChoice":1,"sBullet":27,"sPic":"ui_weapons/deputy_weapon_1.png","weapons_count":2,"showPic":"ui_weapons/deputy_weapon_ui_1.png","s_ballistic_id":5},"21":{"sWeaponId":21,"sWeaponLv":1,"sWeaponperiod":2,"sDps":27,"showTips":81,"sBulletNumber":1,"sFireFrequency":130,"sModel":"1.png","upNLv":2.5,"pre_lv":65,"sCoin":4400,"sChoice":1,"sBullet":28,"sPic":"ui_weapons/deputy_weapon_2.png","weapons_count":1,"showPic":"ui_weapons/deputy_weapon_ui_2.png","s_ballistic_id":1},"22":{"sWeaponId":22,"sWeaponLv":2,"sWeaponperiod":2,"sDps":29,"showTips":87,"sBulletNumber":1,"sFireFrequency":130,"sModel":"1.png","upNLv":2.5,"pre_lv":68,"sCoin":4400,"sChoice":1,"sBullet":28,"sPic":"ui_weapons/deputy_weapon_2.png","weapons_count":1,"showPic":"ui_weapons/deputy_weapon_ui_2.png","s_ballistic_id":1},"23":{"sWeaponId":23,"sWeaponLv":3,"sWeaponperiod":2,"sDps":31,"showTips":93,"sBulletNumber":1,"sFireFrequency":130,"sModel":"1.png","upNLv":2.5,"pre_lv":71,"sCoin":4600,"sChoice":1,"sBullet":29,"sPic":"ui_weapons/deputy_weapon_2.png","weapons_count":1,"showPic":"ui_weapons/deputy_weapon_ui_2.png","s_ballistic_id":1},"24":{"sWeaponId":24,"sWeaponLv":4,"sWeaponperiod":2,"sDps":33,"showTips":99,"sBulletNumber":1,"sFireFrequency":130,"sModel":"1.png","upNLv":2.5,"pre_lv":74,"sCoin":4600,"sChoice":1,"sBullet":30,"sPic":"ui_weapons/deputy_weapon_2.png","weapons_count":1,"showPic":"ui_weapons/deputy_weapon_ui_2.png","s_ballistic_id":1},"25":{"sWeaponId":25,"sWeaponLv":5,"sWeaponperiod":2,"sDps":35,"showTips":105,"sBulletNumber":1,"sFireFrequency":130,"sModel":"1.png","upNLv":2.5,"pre_lv":77,"sCoin":4800,"sChoice":1,"sBullet":31,"sPic":"ui_weapons/deputy_weapon_2.png","weapons_count":1,"showPic":"ui_weapons/deputy_weapon_ui_2.png","s_ballistic_id":1},"26":{"sWeaponId":26,"sWeaponLv":6,"sWeaponperiod":2,"sDps":37,"showTips":111,"sBulletNumber":1,"sFireFrequency":130,"sModel":"1.png","upNLv":2.5,"pre_lv":80,"sCoin":5000,"sChoice":1,"sBullet":32,"sPic":"ui_weapons/deputy_weapon_2.png","weapons_count":1,"showPic":"ui_weapons/deputy_weapon_ui_2.png","s_ballistic_id":1},"27":{"sWeaponId":27,"sWeaponLv":7,"sWeaponperiod":2,"sDps":39,"showTips":117,"sBulletNumber":2,"sFireFrequency":130,"sModel":"2.png","upNLv":2.5,"pre_lv":83,"sCoin":5000,"sChoice":1,"sBullet":28,"sPic":"ui_weapons/deputy_weapon_2.png","weapons_count":2,"showPic":"ui_weapons/deputy_weapon_ui_2.png","s_ballistic_id":1},"28":{"sWeaponId":28,"sWeaponLv":8,"sWeaponperiod":2,"sDps":41,"showTips":123,"sBulletNumber":2,"sFireFrequency":130,"sModel":"2.png","upNLv":2.5,"pre_lv":86,"sCoin":5200,"sChoice":1,"sBullet":28,"sPic":"ui_weapons/deputy_weapon_2.png","weapons_count":2,"showPic":"ui_weapons/deputy_weapon_ui_2.png","s_ballistic_id":1},"29":{"sWeaponId":29,"sWeaponLv":9,"sWeaponperiod":2,"sDps":43,"showTips":129,"sBulletNumber":2,"sFireFrequency":130,"sModel":"2.png","upNLv":2.5,"pre_lv":89,"sCoin":5200,"sChoice":1,"sBullet":29,"sPic":"ui_weapons/deputy_weapon_2.png","weapons_count":2,"showPic":"ui_weapons/deputy_weapon_ui_2.png","s_ballistic_id":1},"30":{"sWeaponId":30,"sWeaponLv":10,"sWeaponperiod":2,"sDps":46,"showTips":138,"sBulletNumber":2,"sFireFrequency":130,"sModel":"2.png","upNLv":2.5,"pre_lv":92,"sCoin":5400,"sChoice":1,"sBullet":29,"sPic":"ui_weapons/deputy_weapon_2.png","weapons_count":2,"showPic":"ui_weapons/deputy_weapon_ui_2.png","s_ballistic_id":2},"31":{"sWeaponId":31,"sWeaponLv":11,"sWeaponperiod":3,"sDps":49,"showTips":147,"sBulletNumber":2,"sFireFrequency":130,"sModel":"2.png","upNLv":3.7,"pre_lv":96,"sCoin":8288,"sChoice":1,"sBullet":30,"sPic":"ui_weapons/deputy_weapon_2.png","weapons_count":2,"showPic":"ui_weapons/deputy_weapon_ui_2.png","s_ballistic_id":2},"32":{"sWeaponId":32,"sWeaponLv":12,"sWeaponperiod":3,"sDps":52,"showTips":156,"sBulletNumber":2,"sFireFrequency":130,"sModel":"2.png","upNLv":3.7,"pre_lv":100,"sCoin":8584,"sChoice":1,"sBullet":31,"sPic":"ui_weapons/deputy_weapon_2.png","weapons_count":2,"showPic":"ui_weapons/deputy_weapon_ui_2.png","s_ballistic_id":2},"33":{"sWeaponId":33,"sWeaponLv":13,"sWeaponperiod":3,"sDps":55,"showTips":165,"sBulletNumber":2,"sFireFrequency":130,"sModel":"2.png","upNLv":3.7,"pre_lv":104,"sCoin":8584,"sChoice":1,"sBullet":32,"sPic":"ui_weapons/deputy_weapon_2.png","weapons_count":2,"showPic":"ui_weapons/deputy_weapon_ui_2.png","s_ballistic_id":2},"34":{"sWeaponId":34,"sWeaponLv":14,"sWeaponperiod":3,"sDps":58,"showTips":174,"sBulletNumber":3,"sFireFrequency":130,"sModel":"3.png","upNLv":3.7,"pre_lv":108,"sCoin":8880,"sChoice":1,"sBullet":28,"sPic":"ui_weapons/deputy_weapon_2.png","weapons_count":2,"showPic":"ui_weapons/deputy_weapon_ui_2.png","s_ballistic_id":4},"35":{"sWeaponId":35,"sWeaponLv":15,"sWeaponperiod":3,"sDps":61,"showTips":183,"sBulletNumber":3,"sFireFrequency":130,"sModel":"3.png","upNLv":3.7,"pre_lv":112,"sCoin":9176,"sChoice":1,"sBullet":28,"sPic":"ui_weapons/deputy_weapon_2.png","weapons_count":2,"showPic":"ui_weapons/deputy_weapon_ui_2.png","s_ballistic_id":4},"36":{"sWeaponId":36,"sWeaponLv":16,"sWeaponperiod":3,"sDps":64,"showTips":192,"sBulletNumber":3,"sFireFrequency":130,"sModel":"3.png","upNLv":3.7,"pre_lv":116,"sCoin":9472,"sChoice":1,"sBullet":29,"sPic":"ui_weapons/deputy_weapon_2.png","weapons_count":2,"showPic":"ui_weapons/deputy_weapon_ui_2.png","s_ballistic_id":4},"37":{"sWeaponId":37,"sWeaponLv":17,"sWeaponperiod":3,"sDps":67,"showTips":201,"sBulletNumber":3,"sFireFrequency":130,"sModel":"3.png","upNLv":3.7,"pre_lv":120,"sCoin":9768,"sChoice":1,"sBullet":29,"sPic":"ui_weapons/deputy_weapon_2.png","weapons_count":2,"showPic":"ui_weapons/deputy_weapon_ui_2.png","s_ballistic_id":5},"38":{"sWeaponId":38,"sWeaponLv":18,"sWeaponperiod":3,"sDps":70,"showTips":210,"sBulletNumber":3,"sFireFrequency":130,"sModel":"3.png","upNLv":3.7,"pre_lv":124,"sCoin":9768,"sChoice":1,"sBullet":30,"sPic":"ui_weapons/deputy_weapon_2.png","weapons_count":2,"showPic":"ui_weapons/deputy_weapon_ui_2.png","s_ballistic_id":5},"39":{"sWeaponId":39,"sWeaponLv":19,"sWeaponperiod":3,"sDps":73,"showTips":219,"sBulletNumber":3,"sFireFrequency":130,"sModel":"3.png","upNLv":3.7,"pre_lv":128,"sCoin":10064,"sChoice":1,"sBullet":31,"sPic":"ui_weapons/deputy_weapon_2.png","weapons_count":2,"showPic":"ui_weapons/deputy_weapon_ui_2.png","s_ballistic_id":5},"40":{"sWeaponId":40,"sWeaponLv":20,"sWeaponperiod":3,"sDps":77,"showTips":231,"sBulletNumber":3,"sFireFrequency":130,"sModel":"3.png","upNLv":3.7,"pre_lv":132,"sCoin":10360,"sChoice":1,"sBullet":32,"sPic":"ui_weapons/deputy_weapon_2.png","weapons_count":2,"showPic":"ui_weapons/deputy_weapon_ui_2.png","s_ballistic_id":5},"41":{"sWeaponId":41,"sWeaponLv":1,"sWeaponperiod":4,"sDps":81,"showTips":243,"sBulletNumber":1,"sFireFrequency":130,"sModel":"1.png","upNLv":5,"pre_lv":137,"sCoin":14400,"sChoice":1,"sBullet":33,"sPic":"ui_weapons/deputy_weapon_3.png","weapons_count":1,"showPic":"ui_weapons/deputy_weapon_ui_3.png","s_ballistic_id":1},"42":{"sWeaponId":42,"sWeaponLv":2,"sWeaponperiod":4,"sDps":85,"showTips":255,"sBulletNumber":1,"sFireFrequency":130,"sModel":"1.png","upNLv":5,"pre_lv":142,"sCoin":14800,"sChoice":1,"sBullet":34,"sPic":"ui_weapons/deputy_weapon_3.png","weapons_count":1,"showPic":"ui_weapons/deputy_weapon_ui_3.png","s_ballistic_id":1},"43":{"sWeaponId":43,"sWeaponLv":3,"sWeaponperiod":4,"sDps":89,"showTips":267,"sBulletNumber":1,"sFireFrequency":130,"sModel":"1.png","upNLv":5,"pre_lv":147,"sCoin":15200,"sChoice":1,"sBullet":35,"sPic":"ui_weapons/deputy_weapon_3.png","weapons_count":1,"showPic":"ui_weapons/deputy_weapon_ui_3.png","s_ballistic_id":1},"44":{"sWeaponId":44,"sWeaponLv":4,"sWeaponperiod":4,"sDps":93,"showTips":279,"sBulletNumber":1,"sFireFrequency":130,"sModel":"1.png","upNLv":5,"pre_lv":152,"sCoin":15600,"sChoice":1,"sBullet":36,"sPic":"ui_weapons/deputy_weapon_3.png","weapons_count":1,"showPic":"ui_weapons/deputy_weapon_ui_3.png","s_ballistic_id":1},"45":{"sWeaponId":45,"sWeaponLv":5,"sWeaponperiod":4,"sDps":97,"showTips":291,"sBulletNumber":1,"sFireFrequency":130,"sModel":"1.png","upNLv":5,"pre_lv":157,"sCoin":16000,"sChoice":1,"sBullet":37,"sPic":"ui_weapons/deputy_weapon_3.png","weapons_count":1,"showPic":"ui_weapons/deputy_weapon_ui_3.png","s_ballistic_id":1},"46":{"sWeaponId":46,"sWeaponLv":6,"sWeaponperiod":4,"sDps":101,"showTips":303,"sBulletNumber":2,"sFireFrequency":130,"sModel":"2.png","upNLv":5,"pre_lv":162,"sCoin":16400,"sChoice":1,"sBullet":33,"sPic":"ui_weapons/deputy_weapon_3.png","weapons_count":2,"showPic":"ui_weapons/deputy_weapon_ui_3.png","s_ballistic_id":2},"47":{"sWeaponId":47,"sWeaponLv":7,"sWeaponperiod":4,"sDps":105,"showTips":315,"sBulletNumber":2,"sFireFrequency":130,"sModel":"2.png","upNLv":5,"pre_lv":167,"sCoin":16800,"sChoice":1,"sBullet":34,"sPic":"ui_weapons/deputy_weapon_3.png","weapons_count":2,"showPic":"ui_weapons/deputy_weapon_ui_3.png","s_ballistic_id":2},"48":{"sWeaponId":48,"sWeaponLv":8,"sWeaponperiod":4,"sDps":109,"showTips":327,"sBulletNumber":2,"sFireFrequency":130,"sModel":"2.png","upNLv":5,"pre_lv":172,"sCoin":17200,"sChoice":1,"sBullet":35,"sPic":"ui_weapons/deputy_weapon_3.png","weapons_count":2,"showPic":"ui_weapons/deputy_weapon_ui_3.png","s_ballistic_id":2},"49":{"sWeaponId":49,"sWeaponLv":9,"sWeaponperiod":4,"sDps":113,"showTips":339,"sBulletNumber":2,"sFireFrequency":130,"sModel":"2.png","upNLv":5,"pre_lv":177,"sCoin":17600,"sChoice":1,"sBullet":36,"sPic":"ui_weapons/deputy_weapon_3.png","weapons_count":2,"showPic":"ui_weapons/deputy_weapon_ui_3.png","s_ballistic_id":2},"50":{"sWeaponId":50,"sWeaponLv":10,"sWeaponperiod":4,"sDps":118,"showTips":354,"sBulletNumber":2,"sFireFrequency":130,"sModel":"2.png","upNLv":5,"pre_lv":182,"sCoin":18000,"sChoice":1,"sBullet":37,"sPic":"ui_weapons/deputy_weapon_3.png","weapons_count":2,"showPic":"ui_weapons/deputy_weapon_ui_3.png","s_ballistic_id":2},"51":{"sWeaponId":51,"sWeaponLv":11,"sWeaponperiod":5,"sDps":123,"showTips":369,"sBulletNumber":3,"sFireFrequency":130,"sModel":"3.png","upNLv":6,"pre_lv":188,"sCoin":22080,"sChoice":1,"sBullet":33,"sPic":"ui_weapons/deputy_weapon_3.png","weapons_count":2,"showPic":"ui_weapons/deputy_weapon_ui_3.png","s_ballistic_id":4},"52":{"sWeaponId":52,"sWeaponLv":12,"sWeaponperiod":5,"sDps":128,"showTips":384,"sBulletNumber":3,"sFireFrequency":130,"sModel":"3.png","upNLv":6,"pre_lv":194,"sCoin":22560,"sChoice":1,"sBullet":34,"sPic":"ui_weapons/deputy_weapon_3.png","weapons_count":2,"showPic":"ui_weapons/deputy_weapon_ui_3.png","s_ballistic_id":4},"53":{"sWeaponId":53,"sWeaponLv":13,"sWeaponperiod":5,"sDps":133,"showTips":399,"sBulletNumber":3,"sFireFrequency":130,"sModel":"3.png","upNLv":6,"pre_lv":200,"sCoin":23520,"sChoice":1,"sBullet":35,"sPic":"ui_weapons/deputy_weapon_3.png","weapons_count":2,"showPic":"ui_weapons/deputy_weapon_ui_3.png","s_ballistic_id":4},"54":{"sWeaponId":54,"sWeaponLv":14,"sWeaponperiod":5,"sDps":138,"showTips":414,"sBulletNumber":3,"sFireFrequency":130,"sModel":"3.png","upNLv":6,"pre_lv":206,"sCoin":24000,"sChoice":1,"sBullet":36,"sPic":"ui_weapons/deputy_weapon_3.png","weapons_count":2,"showPic":"ui_weapons/deputy_weapon_ui_3.png","s_ballistic_id":4},"55":{"sWeaponId":55,"sWeaponLv":15,"sWeaponperiod":5,"sDps":143,"showTips":429,"sBulletNumber":3,"sFireFrequency":130,"sModel":"3.png","upNLv":6,"pre_lv":212,"sCoin":24480,"sChoice":1,"sBullet":37,"sPic":"ui_weapons/deputy_weapon_3.png","weapons_count":2,"showPic":"ui_weapons/deputy_weapon_ui_3.png","s_ballistic_id":4},"56":{"sWeaponId":56,"sWeaponLv":16,"sWeaponperiod":5,"sDps":148,"showTips":444,"sBulletNumber":4,"sFireFrequency":200,"sModel":"4.png","upNLv":6,"pre_lv":218,"sCoin":24960,"sChoice":1,"sBullet":33,"sPic":"ui_weapons/deputy_weapon_3.png","weapons_count":2,"showPic":"ui_weapons/deputy_weapon_ui_3.png","s_ballistic_id":5},"57":{"sWeaponId":57,"sWeaponLv":17,"sWeaponperiod":5,"sDps":153,"showTips":459,"sBulletNumber":4,"sFireFrequency":200,"sModel":"4.png","upNLv":6,"pre_lv":224,"sCoin":25440,"sChoice":1,"sBullet":34,"sPic":"ui_weapons/deputy_weapon_3.png","weapons_count":2,"showPic":"ui_weapons/deputy_weapon_ui_3.png","s_ballistic_id":5},"58":{"sWeaponId":58,"sWeaponLv":18,"sWeaponperiod":5,"sDps":158,"showTips":474,"sBulletNumber":4,"sFireFrequency":200,"sModel":"4.png","upNLv":6,"pre_lv":230,"sCoin":26400,"sChoice":1,"sBullet":35,"sPic":"ui_weapons/deputy_weapon_3.png","weapons_count":2,"showPic":"ui_weapons/deputy_weapon_ui_3.png","s_ballistic_id":5},"59":{"sWeaponId":59,"sWeaponLv":19,"sWeaponperiod":5,"sDps":163,"showTips":489,"sBulletNumber":4,"sFireFrequency":200,"sModel":"4.png","upNLv":6,"pre_lv":236,"sCoin":26880,"sChoice":1,"sBullet":36,"sPic":"ui_weapons/deputy_weapon_3.png","weapons_count":2,"showPic":"ui_weapons/deputy_weapon_ui_3.png","s_ballistic_id":5},"60":{"sWeaponId":60,"sWeaponLv":20,"sWeaponperiod":5,"sDps":169,"showTips":507,"sBulletNumber":4,"sFireFrequency":200,"sModel":"4.png","upNLv":6,"pre_lv":242,"sCoin":27360,"sChoice":1,"sBullet":37,"sPic":"ui_weapons/deputy_weapon_3.png","weapons_count":2,"showPic":"ui_weapons/deputy_weapon_ui_3.png","s_ballistic_id":5},"61":{"sWeaponId":61,"sWeaponLv":1,"sWeaponperiod":6,"sDps":175,"showTips":525,"sBulletNumber":2,"sFireFrequency":130,"sModel":"2.png","upNLv":7,"pre_lv":249,"sCoin":32480,"sChoice":1,"sBullet":38,"sPic":"ui_weapons/deputy_weapon_4.png","weapons_count":2,"showPic":"ui_weapons/deputy_weapon_ui_4.png","s_ballistic_id":1},"62":{"sWeaponId":62,"sWeaponLv":2,"sWeaponperiod":6,"sDps":181,"showTips":543,"sBulletNumber":2,"sFireFrequency":130,"sModel":"2.png","upNLv":7,"pre_lv":256,"sCoin":33600,"sChoice":1,"sBullet":39,"sPic":"ui_weapons/deputy_weapon_4.png","weapons_count":2,"showPic":"ui_weapons/deputy_weapon_ui_4.png","s_ballistic_id":1},"63":{"sWeaponId":63,"sWeaponLv":3,"sWeaponperiod":6,"sDps":187,"showTips":561,"sBulletNumber":2,"sFireFrequency":130,"sModel":"2.png","upNLv":7,"pre_lv":263,"sCoin":34160,"sChoice":1,"sBullet":40,"sPic":"ui_weapons/deputy_weapon_4.png","weapons_count":2,"showPic":"ui_weapons/deputy_weapon_ui_4.png","s_ballistic_id":1},"64":{"sWeaponId":64,"sWeaponLv":4,"sWeaponperiod":6,"sDps":193,"showTips":579,"sBulletNumber":2,"sFireFrequency":130,"sModel":"2.png","upNLv":7,"pre_lv":270,"sCoin":35280,"sChoice":1,"sBullet":41,"sPic":"ui_weapons/deputy_weapon_4.png","weapons_count":2,"showPic":"ui_weapons/deputy_weapon_ui_4.png","s_ballistic_id":1},"65":{"sWeaponId":65,"sWeaponLv":5,"sWeaponperiod":6,"sDps":199,"showTips":597,"sBulletNumber":2,"sFireFrequency":130,"sModel":"2.png","upNLv":7,"pre_lv":277,"sCoin":35840,"sChoice":1,"sBullet":42,"sPic":"ui_weapons/deputy_weapon_4.png","weapons_count":2,"showPic":"ui_weapons/deputy_weapon_ui_4.png","s_ballistic_id":1},"66":{"sWeaponId":66,"sWeaponLv":6,"sWeaponperiod":6,"sDps":205,"showTips":615,"sBulletNumber":3,"sFireFrequency":130,"sModel":"3.png","upNLv":7,"pre_lv":284,"sCoin":36400,"sChoice":1,"sBullet":38,"sPic":"ui_weapons/deputy_weapon_4.png","weapons_count":2,"showPic":"ui_weapons/deputy_weapon_ui_4.png","s_ballistic_id":2},"67":{"sWeaponId":67,"sWeaponLv":7,"sWeaponperiod":6,"sDps":211,"showTips":633,"sBulletNumber":3,"sFireFrequency":130,"sModel":"3.png","upNLv":7,"pre_lv":291,"sCoin":37520,"sChoice":1,"sBullet":39,"sPic":"ui_weapons/deputy_weapon_4.png","weapons_count":2,"showPic":"ui_weapons/deputy_weapon_ui_4.png","s_ballistic_id":2},"68":{"sWeaponId":68,"sWeaponLv":8,"sWeaponperiod":6,"sDps":217,"showTips":651,"sBulletNumber":3,"sFireFrequency":130,"sModel":"3.png","upNLv":7,"pre_lv":298,"sCoin":38080,"sChoice":1,"sBullet":40,"sPic":"ui_weapons/deputy_weapon_4.png","weapons_count":2,"showPic":"ui_weapons/deputy_weapon_ui_4.png","s_ballistic_id":2},"69":{"sWeaponId":69,"sWeaponLv":9,"sWeaponperiod":6,"sDps":223,"showTips":669,"sBulletNumber":3,"sFireFrequency":130,"sModel":"3.png","upNLv":7,"pre_lv":305,"sCoin":39200,"sChoice":1,"sBullet":41,"sPic":"ui_weapons/deputy_weapon_4.png","weapons_count":2,"showPic":"ui_weapons/deputy_weapon_ui_4.png","s_ballistic_id":2},"70":{"sWeaponId":70,"sWeaponLv":10,"sWeaponperiod":6,"sDps":230,"showTips":690,"sBulletNumber":3,"sFireFrequency":130,"sModel":"3.png","upNLv":7,"pre_lv":312,"sCoin":39760,"sChoice":1,"sBullet":42,"sPic":"ui_weapons/deputy_weapon_4.png","weapons_count":2,"showPic":"ui_weapons/deputy_weapon_ui_4.png","s_ballistic_id":2},"71":{"sWeaponId":71,"sWeaponLv":11,"sWeaponperiod":7,"sDps":237,"showTips":711,"sBulletNumber":3,"sFireFrequency":130,"sModel":"3.png","upNLv":8,"pre_lv":320,"sCoin":46720,"sChoice":1,"sBullet":38,"sPic":"ui_weapons/deputy_weapon_4.png","weapons_count":2,"showPic":"ui_weapons/deputy_weapon_ui_4.png","s_ballistic_id":5},"72":{"sWeaponId":72,"sWeaponLv":12,"sWeaponperiod":7,"sDps":244,"showTips":732,"sBulletNumber":3,"sFireFrequency":130,"sModel":"3.png","upNLv":8,"pre_lv":328,"sCoin":47360,"sChoice":1,"sBullet":39,"sPic":"ui_weapons/deputy_weapon_4.png","weapons_count":2,"showPic":"ui_weapons/deputy_weapon_ui_4.png","s_ballistic_id":5},"73":{"sWeaponId":73,"sWeaponLv":13,"sWeaponperiod":7,"sDps":251,"showTips":753,"sBulletNumber":3,"sFireFrequency":130,"sModel":"3.png","upNLv":8,"pre_lv":336,"sCoin":48640,"sChoice":1,"sBullet":40,"sPic":"ui_weapons/deputy_weapon_4.png","weapons_count":2,"showPic":"ui_weapons/deputy_weapon_ui_4.png","s_ballistic_id":5},"74":{"sWeaponId":74,"sWeaponLv":14,"sWeaponperiod":7,"sDps":258,"showTips":774,"sBulletNumber":3,"sFireFrequency":130,"sModel":"3.png","upNLv":8,"pre_lv":344,"sCoin":49280,"sChoice":1,"sBullet":41,"sPic":"ui_weapons/deputy_weapon_4.png","weapons_count":2,"showPic":"ui_weapons/deputy_weapon_ui_4.png","s_ballistic_id":5},"75":{"sWeaponId":75,"sWeaponLv":15,"sWeaponperiod":7,"sDps":265,"showTips":795,"sBulletNumber":3,"sFireFrequency":130,"sModel":"3.png","upNLv":8,"pre_lv":352,"sCoin":50560,"sChoice":1,"sBullet":42,"sPic":"ui_weapons/deputy_weapon_4.png","weapons_count":2,"showPic":"ui_weapons/deputy_weapon_ui_4.png","s_ballistic_id":5},"76":{"sWeaponId":76,"sWeaponLv":16,"sWeaponperiod":7,"sDps":272,"showTips":816,"sBulletNumber":4,"sFireFrequency":200,"sModel":"4.png","upNLv":8,"pre_lv":360,"sCoin":51840,"sChoice":1,"sBullet":38,"sPic":"ui_weapons/deputy_weapon_4.png","weapons_count":2,"showPic":"ui_weapons/deputy_weapon_ui_4.png","s_ballistic_id":7},"77":{"sWeaponId":77,"sWeaponLv":17,"sWeaponperiod":7,"sDps":279,"showTips":837,"sBulletNumber":4,"sFireFrequency":200,"sModel":"4.png","upNLv":8,"pre_lv":368,"sCoin":52480,"sChoice":1,"sBullet":39,"sPic":"ui_weapons/deputy_weapon_4.png","weapons_count":2,"showPic":"ui_weapons/deputy_weapon_ui_4.png","s_ballistic_id":7},"78":{"sWeaponId":78,"sWeaponLv":18,"sWeaponperiod":7,"sDps":286,"showTips":858,"sBulletNumber":4,"sFireFrequency":200,"sModel":"4.png","upNLv":8,"pre_lv":376,"sCoin":53760,"sChoice":1,"sBullet":40,"sPic":"ui_weapons/deputy_weapon_4.png","weapons_count":2,"showPic":"ui_weapons/deputy_weapon_ui_4.png","s_ballistic_id":7},"79":{"sWeaponId":79,"sWeaponLv":19,"sWeaponperiod":7,"sDps":293,"showTips":879,"sBulletNumber":4,"sFireFrequency":200,"sModel":"4.png","upNLv":8,"pre_lv":384,"sCoin":54400,"sChoice":1,"sBullet":41,"sPic":"ui_weapons/deputy_weapon_4.png","weapons_count":2,"showPic":"ui_weapons/deputy_weapon_ui_4.png","s_ballistic_id":7},"80":{"sWeaponId":80,"sWeaponLv":20,"sWeaponperiod":7,"sDps":301,"showTips":903,"sBulletNumber":4,"sFireFrequency":200,"sModel":"4.png","upNLv":8,"pre_lv":392,"sCoin":55680,"sChoice":1,"sBullet":42,"sPic":"ui_weapons/deputy_weapon_4.png","weapons_count":2,"showPic":"ui_weapons/deputy_weapon_ui_4.png","s_ballistic_id":7},"81":{"sWeaponId":81,"sWeaponLv":1,"sWeaponperiod":8,"sDps":309,"showTips":927,"sBulletNumber":2,"sFireFrequency":130,"sModel":"2.png","upNLv":10,"pre_lv":402,"sCoin":71200,"sChoice":1,"sBullet":43,"sPic":"ui_weapons/deputy_weapon_5.png","weapons_count":2,"showPic":"ui_weapons/deputy_weapon_ui_5.png","s_ballistic_id":9},"82":{"sWeaponId":82,"sWeaponLv":2,"sWeaponperiod":8,"sDps":317,"showTips":951,"sBulletNumber":2,"sFireFrequency":130,"sModel":"2.png","upNLv":10,"pre_lv":412,"sCoin":72800,"sChoice":1,"sBullet":44,"sPic":"ui_weapons/deputy_weapon_5.png","weapons_count":2,"showPic":"ui_weapons/deputy_weapon_ui_5.png","s_ballistic_id":9},"83":{"sWeaponId":83,"sWeaponLv":3,"sWeaponperiod":8,"sDps":325,"showTips":975,"sBulletNumber":2,"sFireFrequency":130,"sModel":"2.png","upNLv":10,"pre_lv":422,"sCoin":74400,"sChoice":1,"sBullet":45,"sPic":"ui_weapons/deputy_weapon_5.png","weapons_count":2,"showPic":"ui_weapons/deputy_weapon_ui_5.png","s_ballistic_id":9},"84":{"sWeaponId":84,"sWeaponLv":4,"sWeaponperiod":8,"sDps":333,"showTips":999,"sBulletNumber":2,"sFireFrequency":130,"sModel":"2.png","upNLv":10,"pre_lv":432,"sCoin":76000,"sChoice":1,"sBullet":46,"sPic":"ui_weapons/deputy_weapon_5.png","weapons_count":2,"showPic":"ui_weapons/deputy_weapon_ui_5.png","s_ballistic_id":9},"85":{"sWeaponId":85,"sWeaponLv":5,"sWeaponperiod":8,"sDps":341,"showTips":1023,"sBulletNumber":2,"sFireFrequency":130,"sModel":"2.png","upNLv":10,"pre_lv":442,"sCoin":77600,"sChoice":1,"sBullet":47,"sPic":"ui_weapons/deputy_weapon_5.png","weapons_count":2,"showPic":"ui_weapons/deputy_weapon_ui_5.png","s_ballistic_id":9},"86":{"sWeaponId":86,"sWeaponLv":6,"sWeaponperiod":8,"sDps":349,"showTips":1047,"sBulletNumber":3,"sFireFrequency":130,"sModel":"3.png","upNLv":10,"pre_lv":452,"sCoin":79200,"sChoice":1,"sBullet":43,"sPic":"ui_weapons/deputy_weapon_5.png","weapons_count":2,"showPic":"ui_weapons/deputy_weapon_ui_5.png","s_ballistic_id":10},"87":{"sWeaponId":87,"sWeaponLv":7,"sWeaponperiod":8,"sDps":357,"showTips":1071,"sBulletNumber":3,"sFireFrequency":130,"sModel":"3.png","upNLv":10,"pre_lv":462,"sCoin":80800,"sChoice":1,"sBullet":44,"sPic":"ui_weapons/deputy_weapon_5.png","weapons_count":2,"showPic":"ui_weapons/deputy_weapon_ui_5.png","s_ballistic_id":10},"88":{"sWeaponId":88,"sWeaponLv":8,"sWeaponperiod":8,"sDps":365,"showTips":1095,"sBulletNumber":3,"sFireFrequency":130,"sModel":"3.png","upNLv":10,"pre_lv":472,"sCoin":82400,"sChoice":1,"sBullet":45,"sPic":"ui_weapons/deputy_weapon_5.png","weapons_count":2,"showPic":"ui_weapons/deputy_weapon_ui_5.png","s_ballistic_id":10},"89":{"sWeaponId":89,"sWeaponLv":9,"sWeaponperiod":8,"sDps":373,"showTips":1119,"sBulletNumber":3,"sFireFrequency":130,"sModel":"3.png","upNLv":10,"pre_lv":482,"sCoin":84000,"sChoice":1,"sBullet":46,"sPic":"ui_weapons/deputy_weapon_5.png","weapons_count":2,"showPic":"ui_weapons/deputy_weapon_ui_5.png","s_ballistic_id":10},"90":{"sWeaponId":90,"sWeaponLv":10,"sWeaponperiod":8,"sDps":382,"showTips":1146,"sBulletNumber":3,"sFireFrequency":130,"sModel":"3.png","upNLv":10,"pre_lv":492,"sCoin":85600,"sChoice":1,"sBullet":47,"sPic":"ui_weapons/deputy_weapon_5.png","weapons_count":2,"showPic":"ui_weapons/deputy_weapon_ui_5.png","s_ballistic_id":10},"91":{"sWeaponId":91,"sWeaponLv":11,"sWeaponperiod":9,"sDps":391,"showTips":1173,"sBulletNumber":3,"sFireFrequency":130,"sModel":"3.png","upNLv":12,"pre_lv":504,"sCoin":104640,"sChoice":1,"sBullet":43,"sPic":"ui_weapons/deputy_weapon_5.png","weapons_count":2,"showPic":"ui_weapons/deputy_weapon_ui_5.png","s_ballistic_id":10},"92":{"sWeaponId":92,"sWeaponLv":12,"sWeaponperiod":9,"sDps":400,"showTips":1200,"sBulletNumber":3,"sFireFrequency":130,"sModel":"3.png","upNLv":12,"pre_lv":516,"sCoin":107520,"sChoice":1,"sBullet":44,"sPic":"ui_weapons/deputy_weapon_5.png","weapons_count":2,"showPic":"ui_weapons/deputy_weapon_ui_5.png","s_ballistic_id":10},"93":{"sWeaponId":93,"sWeaponLv":13,"sWeaponperiod":9,"sDps":409,"showTips":1227,"sBulletNumber":3,"sFireFrequency":130,"sModel":"3.png","upNLv":12,"pre_lv":528,"sCoin":109440,"sChoice":1,"sBullet":45,"sPic":"ui_weapons/deputy_weapon_5.png","weapons_count":2,"showPic":"ui_weapons/deputy_weapon_ui_5.png","s_ballistic_id":10},"94":{"sWeaponId":94,"sWeaponLv":14,"sWeaponperiod":9,"sDps":418,"showTips":1254,"sBulletNumber":3,"sFireFrequency":130,"sModel":"3.png","upNLv":12,"pre_lv":540,"sCoin":112320,"sChoice":1,"sBullet":46,"sPic":"ui_weapons/deputy_weapon_5.png","weapons_count":2,"showPic":"ui_weapons/deputy_weapon_ui_5.png","s_ballistic_id":10},"95":{"sWeaponId":95,"sWeaponLv":15,"sWeaponperiod":9,"sDps":427,"showTips":1281,"sBulletNumber":3,"sFireFrequency":130,"sModel":"3.png","upNLv":12,"pre_lv":552,"sCoin":114240,"sChoice":1,"sBullet":47,"sPic":"ui_weapons/deputy_weapon_5.png","weapons_count":2,"showPic":"ui_weapons/deputy_weapon_ui_5.png","s_ballistic_id":10},"96":{"sWeaponId":96,"sWeaponLv":16,"sWeaponperiod":9,"sDps":436,"showTips":1308,"sBulletNumber":4,"sFireFrequency":200,"sModel":"4.png","upNLv":12,"pre_lv":564,"sCoin":116160,"sChoice":1,"sBullet":43,"sPic":"ui_weapons/deputy_weapon_5.png","weapons_count":2,"showPic":"ui_weapons/deputy_weapon_ui_5.png","s_ballistic_id":8},"97":{"sWeaponId":97,"sWeaponLv":17,"sWeaponperiod":9,"sDps":445,"showTips":1335,"sBulletNumber":4,"sFireFrequency":200,"sModel":"4.png","upNLv":12,"pre_lv":576,"sCoin":119040,"sChoice":1,"sBullet":44,"sPic":"ui_weapons/deputy_weapon_5.png","weapons_count":2,"showPic":"ui_weapons/deputy_weapon_ui_5.png","s_ballistic_id":8},"98":{"sWeaponId":98,"sWeaponLv":18,"sWeaponperiod":9,"sDps":454,"showTips":1362,"sBulletNumber":4,"sFireFrequency":200,"sModel":"4.png","upNLv":12,"pre_lv":588,"sCoin":120960,"sChoice":1,"sBullet":45,"sPic":"ui_weapons/deputy_weapon_5.png","weapons_count":2,"showPic":"ui_weapons/deputy_weapon_ui_5.png","s_ballistic_id":8},"99":{"sWeaponId":99,"sWeaponLv":19,"sWeaponperiod":9,"sDps":463,"showTips":1389,"sBulletNumber":4,"sFireFrequency":200,"sModel":"4.png","upNLv":12,"pre_lv":600,"sCoin":123840,"sChoice":1,"sBullet":46,"sPic":"ui_weapons/deputy_weapon_5.png","weapons_count":2,"showPic":"ui_weapons/deputy_weapon_ui_5.png","s_ballistic_id":8},"100":{"sWeaponId":100,"sWeaponLv":20,"sWeaponperiod":9,"sDps":521,"showTips":1563,"sBulletNumber":4,"sFireFrequency":200,"sModel":"4.png","upNLv":12,"pre_lv":612,"sCoin":125760,"sChoice":1,"sBullet":47,"sPic":"ui_weapons/deputy_weapon_5.png","weapons_count":2,"showPic":"ui_weapons/deputy_weapon_ui_5.png","s_ballistic_id":8}}