{"carCfg":{"1":{"id":1,"name":"出租车","displayname":1,"level":1,"control":0.55,"path":"ui_car_main/car_01.png","model":"Car_028_1","loadScene":1,"output_gold":25,"gold_interval":6250,"output_gold_second":4,"gold":0,"bonusCar_level":-1,"unlock_buy_gold_level":1,"buy_gold":100,"add_gold":1.07,"diamond":0,"share_diamond":0,"unlock_buy_diamond_level":0,"buy_diamond":0,"add_diamond":0,"sell_gold":80,"merge_exp":1,"mainWeaponId":1,"carHp":100,"airdropcar_level":"0","weight":"0"},"2":{"id":2,"name":"高级出租车","displayname":2,"level":2,"control":0.548,"path":"ui_car_main/car_02.png","model":"Car_028","loadScene":1,"output_gold":50,"gold_interval":6250,"output_gold_second":8,"gold":1500,"bonusCar_level":-1,"unlock_buy_gold_level":1,"buy_gold":1500,"add_gold":1.07,"diamond":2,"share_diamond":0,"unlock_buy_diamond_level":0,"buy_diamond":10,"add_diamond":2,"sell_gold":1200,"merge_exp":2,"mainWeaponId":2,"carHp":105,"airdropcar_level":"0","weight":"0"},"3":{"id":3,"name":"五菱宏光","displayname":3,"level":3,"control":0.546,"path":"ui_car_main/car_03.png","model":"Car_036","loadScene":1,"output_gold":100,"gold_interval":5882,"output_gold_second":17,"gold":3000,"bonusCar_level":-1,"unlock_buy_gold_level":1,"buy_gold":6750,"add_gold":1.18,"diamond":5,"share_diamond":0,"unlock_buy_diamond_level":2,"buy_diamond":15,"add_diamond":3,"sell_gold":5400,"merge_exp":3,"mainWeaponId":3,"carHp":110,"airdropcar_level":"0","weight":"0"},"4":{"id":4,"name":"五菱宏光S","displayname":4,"level":4,"control":0.544,"path":"ui_car_main/car_04.png","model":"Car_036_1","loadScene":1,"output_gold":200,"gold_interval":5882,"output_gold_second":34,"gold":4500,"bonusCar_level":-1,"unlock_buy_gold_level":1,"buy_gold":17900,"add_gold":1.18,"diamond":8,"share_diamond":0,"unlock_buy_diamond_level":2,"buy_diamond":20,"add_diamond":3,"sell_gold":14320,"merge_exp":4,"mainWeaponId":4,"carHp":115,"airdropcar_level":"0","weight":"0"},"5":{"id":5,"name":"雪佛兰","displayname":5,"level":5,"control":0.542,"path":"ui_car_main/car_05.png","model":"Car_030_1","loadScene":1,"output_gold":400,"gold_interval":5634,"output_gold_second":71,"gold":5000,"bonusCar_level":-1,"unlock_buy_gold_level":1,"buy_gold":47700,"add_gold":1.18,"diamond":15,"share_diamond":0,"unlock_buy_diamond_level":2,"buy_diamond":26,"add_diamond":5,"sell_gold":38160,"merge_exp":5,"mainWeaponId":5,"carHp":120,"airdropcar_level":"0","weight":"0"},"6":{"id":6,"name":"雪佛兰-S","displayname":6,"level":6,"control":0.54,"path":"ui_car_main/car_06.png","model":"Car_030","loadScene":1,"output_gold":800,"gold_interval":5517,"output_gold_second":145,"gold":5000,"bonusCar_level":-1,"unlock_buy_gold_level":2,"buy_gold":126882,"add_gold":1.18,"diamond":30,"share_diamond":0,"unlock_buy_diamond_level":4,"buy_diamond":35,"add_diamond":9,"sell_gold":101505,"merge_exp":6,"mainWeaponId":6,"carHp":125,"airdropcar_level":"1","weight":"10"},"7":{"id":7,"name":"道奇挑战者","displayname":7,"level":7,"control":0.538,"path":"ui_car_main/car_07.png","model":"Car_029_1","loadScene":1,"output_gold":1600,"gold_interval":5387,"output_gold_second":297,"gold":5000,"bonusCar_level":-1,"unlock_buy_gold_level":3,"buy_gold":337506,"add_gold":1.18,"diamond":0,"share_diamond":45,"unlock_buy_diamond_level":5,"buy_diamond":47,"add_diamond":15,"sell_gold":270004,"merge_exp":7,"mainWeaponId":7,"carHp":130,"airdropcar_level":"1","weight":"10"},"8":{"id":8,"name":"道奇挑战者-S","displayname":8,"level":8,"control":0.536,"path":"ui_car_main/car_08.png","model":"Car_029","loadScene":1,"output_gold":3200,"gold_interval":5255,"output_gold_second":609,"gold":5000,"bonusCar_level":3,"unlock_buy_gold_level":4,"buy_gold":897766,"add_gold":1.18,"diamond":0,"share_diamond":60,"unlock_buy_diamond_level":6,"buy_diamond":62,"add_diamond":23,"sell_gold":718213,"merge_exp":8,"mainWeaponId":8,"carHp":135,"airdropcar_level":"1","weight":"10"},"9":{"id":9,"name":"牧马人","displayname":9,"level":9,"control":0.534,"path":"ui_car_main/car_09.png","model":"Car_038","loadScene":1,"output_gold":6400,"gold_interval":5128,"output_gold_second":1248,"gold":5000,"bonusCar_level":4,"unlock_buy_gold_level":5,"buy_gold":2388058,"add_gold":1.18,"diamond":0,"share_diamond":75,"unlock_buy_diamond_level":7,"buy_diamond":80,"add_diamond":33,"sell_gold":1910446,"merge_exp":9,"mainWeaponId":9,"carHp":140,"airdropcar_level":"1,2","weight":"7,3"},"10":{"id":10,"name":"牧马人-S","displayname":10,"level":10,"control":0.532,"path":"ui_car_main/car_10.png","model":"Car_038_1","loadScene":1,"output_gold":12800,"gold_interval":5004,"output_gold_second":2558,"gold":5000,"bonusCar_level":5,"unlock_buy_gold_level":6,"buy_gold":6352235,"add_gold":1.18,"diamond":0,"share_diamond":90,"unlock_buy_diamond_level":8,"buy_diamond":101,"add_diamond":45,"sell_gold":5081788,"merge_exp":10,"mainWeaponId":10,"carHp":145,"airdropcar_level":"1,2,3","weight":"6,3,1"},"11":{"id":11,"name":"大黄蜂","displayname":11,"level":11,"control":0.53,"path":"ui_car_main/car_11.png","model":"Car_023_1","loadScene":2,"output_gold":25600,"gold_interval":4883,"output_gold_second":5243,"gold":5000,"bonusCar_level":6,"unlock_buy_gold_level":7,"buy_gold":16896945,"add_gold":1.18,"diamond":0,"share_diamond":105,"unlock_buy_diamond_level":9,"buy_diamond":125,"add_diamond":59,"sell_gold":13517556,"merge_exp":11,"mainWeaponId":11,"carHp":150,"airdropcar_level":"2,3,4","weight":"6,3,1"},"12":{"id":12,"name":"大黄蜂-改","displayname":12,"level":12,"control":0.528,"path":"ui_car_main/car_12.png","model":"Car_023","loadScene":2,"output_gold":51200,"gold_interval":4767,"output_gold_second":10741,"gold":5000,"bonusCar_level":7,"unlock_buy_gold_level":8,"buy_gold":44945875,"add_gold":1.18,"diamond":0,"share_diamond":120,"unlock_buy_diamond_level":10,"buy_diamond":152,"add_diamond":75,"sell_gold":35956699,"merge_exp":12,"mainWeaponId":12,"carHp":155,"airdropcar_level":"3,4,5","weight":"6,3,1"},"13":{"id":13,"name":"SUV-S","displayname":13,"level":13,"control":0.526,"path":"ui_car_main/car_13.png","model":"Car_037","loadScene":2,"output_gold":102400,"gold_interval":4648,"output_gold_second":22031,"gold":5000,"bonusCar_level":8,"unlock_buy_gold_level":9,"buy_gold":119556026,"add_gold":1.18,"diamond":0,"share_diamond":135,"unlock_buy_diamond_level":11,"buy_diamond":182,"add_diamond":93,"sell_gold":95644821,"merge_exp":13,"mainWeaponId":13,"carHp":160,"airdropcar_level":"4,5,6","weight":"6,3,1"},"14":{"id":14,"name":"SUV-X","displayname":14,"level":14,"control":0.524,"path":"ui_car_main/car_14.png","model":"Car_037_1","loadScene":2,"output_gold":204800,"gold_interval":4534,"output_gold_second":45170,"gold":5000,"bonusCar_level":9,"unlock_buy_gold_level":10,"buy_gold":318019030,"add_gold":1.18,"diamond":0,"share_diamond":150,"unlock_buy_diamond_level":12,"buy_diamond":215,"add_diamond":113,"sell_gold":254415224,"merge_exp":14,"mainWeaponId":14,"carHp":165,"airdropcar_level":"5,6,7","weight":"6,3,1"},"15":{"id":15,"name":"货拉拉","displayname":15,"level":15,"control":0.522,"path":"ui_car_main/car_15.png","model":"Car_033","loadScene":2,"output_gold":409600,"gold_interval":4423,"output_gold_second":92607,"gold":5000,"bonusCar_level":9,"unlock_buy_gold_level":11,"buy_gold":845930620,"add_gold":1.18,"diamond":0,"share_diamond":165,"unlock_buy_diamond_level":13,"buy_diamond":251,"add_diamond":135,"sell_gold":676744496,"merge_exp":15,"mainWeaponId":15,"carHp":170,"airdropcar_level":"6,7,8","weight":"6,3,1"},"16":{"id":16,"name":"维多利亚皇冠","displayname":16,"level":16,"control":0.52,"path":"ui_car_main/car_16.png","model":"Car_040","loadScene":3,"output_gold":819200,"gold_interval":4316,"output_gold_second":189805,"gold":5000,"bonusCar_level":10,"unlock_buy_gold_level":12,"buy_gold":2250175449,"add_gold":1.18,"diamond":0,"share_diamond":180,"unlock_buy_diamond_level":14,"buy_diamond":296,"add_diamond":159,"sell_gold":1800140359,"merge_exp":16,"mainWeaponId":16,"carHp":175,"airdropcar_level":"7,8,9","weight":"6,3,1"},"17":{"id":17,"name":"野马","displayname":17,"level":17,"control":0.518,"path":"ui_car_main/car_17.png","model":"Car_022","loadScene":3,"output_gold":1638400,"gold_interval":4211,"output_gold_second":389076,"gold":5000,"bonusCar_level":11,"unlock_buy_gold_level":13,"buy_gold":5985466695,"add_gold":1.18,"diamond":0,"share_diamond":195,"unlock_buy_diamond_level":15,"buy_diamond":350,"add_diamond":185,"sell_gold":4788373356,"merge_exp":17,"mainWeaponId":17,"carHp":180,"airdropcar_level":"8,9,10","weight":"6,3,1"},"18":{"id":18,"name":"野马-S","displayname":18,"level":18,"control":0.516,"path":"ui_car_main/car_18.png","model":"Car_022_1","loadScene":3,"output_gold":3276800,"gold_interval":4108,"output_gold_second":797663,"gold":5000,"bonusCar_level":12,"unlock_buy_gold_level":14,"buy_gold":15921341409,"add_gold":1.18,"diamond":0,"share_diamond":210,"unlock_buy_diamond_level":16,"buy_diamond":413,"add_diamond":213,"sell_gold":12737073127,"merge_exp":18,"mainWeaponId":18,"carHp":185,"airdropcar_level":"9,10,11","weight":"6,3,1"},"19":{"id":19,"name":"复古吉普","displayname":19,"level":19,"control":0.514,"path":"ui_car_main/car_19.png","model":"Car_027","loadScene":3,"output_gold":6553600,"gold_interval":4008,"output_gold_second":1635130,"gold":5000,"bonusCar_level":13,"unlock_buy_gold_level":15,"buy_gold":42350768149,"add_gold":1.18,"diamond":0,"share_diamond":225,"unlock_buy_diamond_level":17,"buy_diamond":485,"add_diamond":243,"sell_gold":33880614519,"merge_exp":19,"mainWeaponId":19,"carHp":190,"airdropcar_level":"10,11,12","weight":"6,3,1"},"20":{"id":20,"name":"复古吉普-改","displayname":20,"level":20,"control":0.512,"path":"ui_car_main/car_20.png","model":"Car_027_1","loadScene":3,"output_gold":13107200,"gold_interval":3910,"output_gold_second":3352225,"gold":5000,"bonusCar_level":14,"unlock_buy_gold_level":16,"buy_gold":112653043276,"add_gold":1.18,"diamond":0,"share_diamond":240,"unlock_buy_diamond_level":18,"buy_diamond":566,"add_diamond":275,"sell_gold":90122434620,"merge_exp":20,"mainWeaponId":20,"carHp":195,"airdropcar_level":"11,12,13","weight":"6,3,1"},"21":{"id":21,"name":"复古道奇","displayname":21,"level":21,"control":0.51,"path":"ui_car_main/car_21.png","model":"Car_039","loadScene":4,"output_gold":26214400,"gold_interval":3815,"output_gold_second":6871402,"gold":5000,"bonusCar_level":15,"unlock_buy_gold_level":17,"buy_gold":299657095114,"add_gold":1.18,"diamond":0,"share_diamond":255,"unlock_buy_diamond_level":19,"buy_diamond":656,"add_diamond":309,"sell_gold":239725676091,"merge_exp":21,"mainWeaponId":21,"carHp":200,"airdropcar_level":"12,13,14","weight":"6,3,1"},"22":{"id":22,"name":"复古道奇-改","displayname":22,"level":22,"control":0.508,"path":"ui_car_main/car_22.png","model":"Car_039_1","loadScene":4,"output_gold":52428800,"gold_interval":3724,"output_gold_second":14078625,"gold":5000,"bonusCar_level":15,"unlock_buy_gold_level":18,"buy_gold":797087873003,"add_gold":1.18,"diamond":0,"share_diamond":270,"unlock_buy_diamond_level":20,"buy_diamond":755,"add_diamond":345,"sell_gold":637670298402,"merge_exp":22,"mainWeaponId":22,"carHp":205,"airdropcar_level":"13,14,15","weight":"6,3,1"},"23":{"id":23,"name":"保时捷911","displayname":23,"level":23,"control":0.506,"path":"ui_car_main/car_23.png","model":"Car_024_1","loadScene":4,"output_gold":104857600,"gold_interval":3641,"output_gold_second":28799121,"gold":5000,"bonusCar_level":16,"unlock_buy_gold_level":19,"buy_gold":2120253742188,"add_gold":1.18,"diamond":0,"share_diamond":285,"unlock_buy_diamond_level":21,"buy_diamond":863,"add_diamond":383,"sell_gold":1696202993750,"merge_exp":23,"mainWeaponId":23,"carHp":210,"airdropcar_level":"14,15,16","weight":"6,3,1"},"24":{"id":24,"name":"保时捷911-S","displayname":24,"level":24,"control":0.504,"path":"ui_car_main/car_24.png","model":"Car_024","loadScene":4,"output_gold":209715200,"gold_interval":3542,"output_gold_second":59208131,"gold":5000,"bonusCar_level":17,"unlock_buy_gold_level":20,"buy_gold":5639874954219,"add_gold":1.18,"diamond":0,"share_diamond":300,"unlock_buy_diamond_level":22,"buy_diamond":980,"add_diamond":423,"sell_gold":4511899963375,"merge_exp":24,"mainWeaponId":24,"carHp":215,"airdropcar_level":"15,16,17","weight":"6,3,1"},"25":{"id":25,"name":"悍马","displayname":25,"level":25,"control":0.502,"path":"ui_car_main/car_25.png","model":"Car_031","loadScene":4,"output_gold":419430400,"gold_interval":3458,"output_gold_second":121292770,"gold":5000,"bonusCar_level":18,"unlock_buy_gold_level":21,"buy_gold":15002067378223,"add_gold":1.18,"diamond":0,"share_diamond":315,"unlock_buy_diamond_level":23,"buy_diamond":1106,"add_diamond":465,"sell_gold":12001653902578,"merge_exp":25,"mainWeaponId":25,"carHp":220,"airdropcar_level":"16,17,18","weight":"6,3,1"},"26":{"id":26,"name":"悍马-B","displayname":26,"level":26,"control":0.5,"path":"ui_car_main/car_26.png","model":"Car_031_1","loadScene":5,"output_gold":838860800,"gold_interval":3372,"output_gold_second":248772479,"gold":5000,"bonusCar_level":19,"unlock_buy_gold_level":22,"buy_gold":39905499226073,"add_gold":1.18,"diamond":0,"share_diamond":330,"unlock_buy_diamond_level":24,"buy_diamond":1241,"add_diamond":509,"sell_gold":31924399380858,"merge_exp":26,"mainWeaponId":26,"carHp":225,"airdropcar_level":"17,18,19","weight":"6,3,1"},"27":{"id":27,"name":"柯尼塞格","displayname":27,"level":27,"control":0.498,"path":"ui_car_main/car_27.png","model":"Car_021_1","loadScene":5,"output_gold":1677721600,"gold_interval":3372,"output_gold_second":497545000,"gold":5000,"bonusCar_level":20,"unlock_buy_gold_level":23,"buy_gold":106148627941353,"add_gold":1.18,"diamond":0,"share_diamond":345,"unlock_buy_diamond_level":25,"buy_diamond":1385,"add_diamond":555,"sell_gold":84918902353082,"merge_exp":27,"mainWeaponId":27,"carHp":230,"airdropcar_level":"18,19,20","weight":"6,3,1"},"28":{"id":28,"name":"柯尼塞格-R","displayname":28,"level":28,"control":0.496,"path":"ui_car_main/car_28.png","model":"Car_021","loadScene":5,"output_gold":3355443200,"gold_interval":3372,"output_gold_second":995090000,"gold":5000,"bonusCar_level":21,"unlock_buy_gold_level":24,"buy_gold":282355350323999,"add_gold":1.18,"diamond":0,"share_diamond":360,"unlock_buy_diamond_level":26,"buy_diamond":1538,"add_diamond":603,"sell_gold":225884280259199,"merge_exp":28,"mainWeaponId":28,"carHp":235,"airdropcar_level":"19,20,21","weight":"6,3,1"},"29":{"id":29,"name":"救护车","displayname":29,"level":29,"control":0.494,"path":"ui_car_main/car_29.png","model":"Car_034","loadScene":5,"output_gold":6710886400,"gold_interval":3372,"output_gold_second":1990180000,"gold":5000,"bonusCar_level":22,"unlock_buy_gold_level":25,"buy_gold":751065231861838,"add_gold":1.18,"diamond":0,"share_diamond":375,"unlock_buy_diamond_level":27,"buy_diamond":1700,"add_diamond":653,"sell_gold":600852185489471,"merge_exp":29,"mainWeaponId":29,"carHp":240,"airdropcar_level":"20,21,22","weight":"6,3,1"},"30":{"id":30,"name":"奥迪","displayname":30,"level":30,"control":0.492,"path":"ui_car_main/car_30.png","model":"Car_026","loadScene":5,"output_gold":13421772800,"gold_interval":3372,"output_gold_second":3980360000,"gold":5000,"bonusCar_level":23,"unlock_buy_gold_level":26,"buy_gold":1997833516752490,"add_gold":1.18,"diamond":0,"share_diamond":390,"unlock_buy_diamond_level":28,"buy_diamond":1871,"add_diamond":705,"sell_gold":1598266813401990,"merge_exp":30,"mainWeaponId":30,"carHp":245,"airdropcar_level":"21,22,23","weight":"6,3,1"},"31":{"id":31,"name":"加长林肯","displayname":31,"level":31,"control":0.49,"path":"ui_car_main/car_31.png","model":"Car_026_1","loadScene":6,"output_gold":26843545600,"gold_interval":3372,"output_gold_second":7960719000,"gold":5000,"bonusCar_level":24,"unlock_buy_gold_level":27,"buy_gold":5314237154561620,"add_gold":1.18,"diamond":0,"share_diamond":405,"unlock_buy_diamond_level":29,"buy_diamond":2051,"add_diamond":759,"sell_gold":4251389723649300,"merge_exp":31,"mainWeaponId":31,"carHp":250,"airdropcar_level":"22,23,24","weight":"6,3,1"},"32":{"id":32,"name":"法拉利 458","displayname":32,"level":32,"control":0.488,"path":"ui_car_main/car_32.png","model":"Car_020_1","loadScene":6,"output_gold":53687091200,"gold_interval":3372,"output_gold_second":15921439000,"gold":5000,"bonusCar_level":25,"unlock_buy_gold_level":28,"buy_gold":14135870831133900,"add_gold":1.3,"diamond":0,"share_diamond":420,"unlock_buy_diamond_level":30,"buy_diamond":2240,"add_diamond":815,"sell_gold":11308696664907100,"merge_exp":32,"mainWeaponId":32,"carHp":255,"airdropcar_level":"23,24,25","weight":"6,3,1"},"33":{"id":33,"name":"法拉利 458-改","displayname":33,"level":33,"control":0.486,"path":"ui_car_main/car_33.png","model":"Car_020","loadScene":6,"output_gold":107374182400,"gold_interval":3372,"output_gold_second":31842877000,"gold":5000,"bonusCar_level":26,"unlock_buy_gold_level":29,"buy_gold":37601416410816200,"add_gold":1.3,"diamond":0,"share_diamond":435,"unlock_buy_diamond_level":31,"buy_diamond":2438,"add_diamond":873,"sell_gold":30081133128653000,"merge_exp":33,"mainWeaponId":33,"carHp":260,"airdropcar_level":"24,25,26","weight":"6,3,1"},"34":{"id":34,"name":"压路车","displayname":34,"level":34,"control":0.484,"path":"ui_car_main/car_34.png","model":"Car_035","loadScene":6,"output_gold":214748364800,"gold_interval":3372,"output_gold_second":63685755000,"gold":5000,"bonusCar_level":27,"unlock_buy_gold_level":30,"buy_gold":100019767652771000,"add_gold":1.3,"diamond":0,"share_diamond":450,"unlock_buy_diamond_level":32,"buy_diamond":2645,"add_diamond":933,"sell_gold":80015814122216800,"merge_exp":34,"mainWeaponId":34,"carHp":265,"airdropcar_level":"25,26,27","weight":"6,3,1"},"35":{"id":35,"name":"道奇RAM","displayname":35,"level":35,"control":0.482,"path":"ui_car_main/car_35.png","model":"Car_032","loadScene":6,"output_gold":429496729600,"gold_interval":3372,"output_gold_second":127371509000,"gold":5000,"bonusCar_level":28,"unlock_buy_gold_level":31,"buy_gold":266052581956371000,"add_gold":1.3,"diamond":0,"share_diamond":465,"unlock_buy_diamond_level":33,"buy_diamond":2861,"add_diamond":995,"sell_gold":212842065565096000,"merge_exp":35,"mainWeaponId":35,"carHp":270,"airdropcar_level":"26,27,28","weight":"6,3,1"},"36":{"id":36,"name":"道奇RAM-S","displayname":36,"level":36,"control":0.48,"path":"ui_car_main/car_36.png","model":"Car_032_1","loadScene":7,"output_gold":858993459200,"gold_interval":3372,"output_gold_second":254743019000,"gold":5000,"bonusCar_level":29,"unlock_buy_gold_level":32,"buy_gold":707699868003948000,"add_gold":1.3,"diamond":0,"share_diamond":480,"unlock_buy_diamond_level":34,"buy_diamond":3086,"add_diamond":1059,"sell_gold":566159894403158000,"merge_exp":36,"mainWeaponId":36,"carHp":275,"airdropcar_level":"27,28,29","weight":"6,3,1"},"37":{"id":37,"name":"兰博基尼","displayname":37,"level":37,"control":0.478,"path":"ui_car_main/car_37.png","model":"Car_025","loadScene":7,"output_gold":1717986918400,"gold_interval":3372,"output_gold_second":509486037000,"gold":5000,"bonusCar_level":30,"unlock_buy_gold_level":33,"buy_gold":1882481648890500000,"add_gold":1.3,"diamond":0,"share_diamond":495,"unlock_buy_diamond_level":35,"buy_diamond":3320,"add_diamond":1125,"sell_gold":1505985319112390000,"merge_exp":37,"mainWeaponId":37,"carHp":280,"airdropcar_level":"28,29,30","weight":"6,3,1"},"38":{"id":38,"name":"兰博基尼-改","displayname":38,"level":38,"control":0.476,"path":"ui_car_main/car_38.png","model":"Car_025_1","loadScene":7,"output_gold":3435973836800,"gold_interval":3372,"output_gold_second":1018972075000,"gold":5000,"bonusCar_level":31,"unlock_buy_gold_level":34,"buy_gold":5007401186048730000,"add_gold":1.3,"diamond":0,"share_diamond":510,"unlock_buy_diamond_level":36,"buy_diamond":3563,"add_diamond":1193,"sell_gold":4005920948838990000,"merge_exp":38,"mainWeaponId":38,"carHp":285,"airdropcar_level":"29,30,31","weight":"6,3,1"},"39":{"id":39,"name":"推土车","displayname":39,"level":39,"control":0.474,"path":"ui_car_main/car_39.png","model":"Car_028_1","loadScene":1,"output_gold":6871947673600,"gold_interval":2470,"output_gold_second":2782165050040,"gold":5000,"bonusCar_level":32,"unlock_buy_gold_level":35,"buy_gold":13319687154889600000,"add_gold":1.3,"diamond":0,"share_diamond":525,"unlock_buy_diamond_level":37,"buy_diamond":3812,"add_diamond":1277,"sell_gold":10655749723911600000,"merge_exp":39,"mainWeaponId":39,"carHp":290,"airdropcar_level":"30,31,32","weight":"6,3,1"},"40":{"id":40,"name":"校车","displayname":40,"level":40,"control":0.472,"path":"ui_car_main/car_40.png","model":"Car_028","loadScene":1,"output_gold":13743895347200,"gold_interval":2430,"output_gold_second":5655924011193,"gold":5000,"bonusCar_level":33,"unlock_buy_gold_level":36,"buy_gold":35430367832006400000,"add_gold":1.3,"diamond":0,"share_diamond":540,"unlock_buy_diamond_level":38,"buy_diamond":4079,"add_diamond":1366,"sell_gold":28344294265605100000,"merge_exp":40,"mainWeaponId":40,"carHp":295,"airdropcar_level":"31,32,33","weight":"6,3,1"},"41":{"id":41,"name":"高级校车","displayname":41,"level":41,"control":0.47,"path":"ui_car_main/car_41.png","model":"Car_036","loadScene":1,"output_gold":27487790694400,"gold_interval":2390,"output_gold_second":11501167654561,"gold":5000,"bonusCar_level":34,"unlock_buy_gold_level":37,"buy_gold":94244778433137000000,"add_gold":1.3,"diamond":0,"share_diamond":555,"unlock_buy_diamond_level":39,"buy_diamond":4365,"add_diamond":1462,"sell_gold":75395822746509600000,"merge_exp":41,"mainWeaponId":41,"carHp":300,"airdropcar_level":"32,33,34","weight":"6,3,1"},"42":{"id":42,"name":"水泥车","displayname":42,"level":42,"control":0.468,"path":"ui_car_main/car_42.png","model":"Car_036_1","loadScene":1,"output_gold":54975581388800,"gold_interval":2350,"output_gold_second":23393864420766,"gold":5000,"bonusCar_level":35,"unlock_buy_gold_level":38,"buy_gold":250691110632144000000,"add_gold":1.3,"diamond":0,"share_diamond":570,"unlock_buy_diamond_level":40,"buy_diamond":4671,"add_diamond":1564,"sell_gold":200552888505715000000,"merge_exp":42,"mainWeaponId":42,"carHp":305,"airdropcar_level":"33,34,35","weight":"6,3,1"},"43":{"id":43,"name":"武装车","displayname":43,"level":43,"control":0.466,"path":"ui_car_main/car_43.png","model":"Car_030_1","loadScene":1,"output_gold":109951162777600,"gold_interval":2310,"output_gold_second":47597905964329,"gold":5000,"bonusCar_level":36,"unlock_buy_gold_level":39,"buy_gold":666838354281504000000,"add_gold":1.3,"diamond":0,"share_diamond":585,"unlock_buy_diamond_level":41,"buy_diamond":4998,"add_diamond":1673,"sell_gold":533470683425203000000,"merge_exp":43,"mainWeaponId":43,"carHp":310,"airdropcar_level":"34,35,36","weight":"6,3,1"},"44":{"id":44,"name":"冬克沃特","displayname":44,"level":44,"control":0.464,"path":"ui_car_main/car_44.png","model":"Car_030","loadScene":1,"output_gold":219902325555200,"gold_interval":2270,"output_gold_second":96873271169692,"gold":5000,"bonusCar_level":37,"unlock_buy_gold_level":40,"buy_gold":1.7737900223888e+21,"add_gold":1.3,"diamond":0,"share_diamond":600,"unlock_buy_diamond_level":42,"buy_diamond":5348,"add_diamond":1790,"sell_gold":1.41903201791104e+21,"merge_exp":44,"mainWeaponId":44,"carHp":315,"airdropcar_level":"35,36,37","weight":"6,3,1"},"45":{"id":45,"name":"擎天柱","displayname":45,"level":45,"control":0.462,"path":"ui_car_main/car_45.png","model":"Car_029_1","loadScene":1,"output_gold":439804651110400,"gold_interval":2230,"output_gold_second":197221816641435,"gold":5000,"bonusCar_level":38,"unlock_buy_gold_level":41,"buy_gold":4.71828145955421e+21,"add_gold":1.3,"diamond":0,"share_diamond":615,"unlock_buy_diamond_level":43,"buy_diamond":5722,"add_diamond":1915,"sell_gold":3.77462516764337e+21,"merge_exp":45,"mainWeaponId":45,"carHp":320,"airdropcar_level":"36,37,38","weight":"6,3,1"},"46":{"id":46,"name":"复古福特","displayname":46,"level":46,"control":0.46,"path":"ui_car_main/car_46.png","model":"Car_029","loadScene":1,"output_gold":879609302220800,"gold_interval":2190,"output_gold_second":401648083205845,"gold":5000,"bonusCar_level":39,"unlock_buy_gold_level":42,"buy_gold":1.25506286824142e+22,"add_gold":1.3,"diamond":0,"share_diamond":630,"unlock_buy_diamond_level":44,"buy_diamond":6123,"add_diamond":2049,"sell_gold":1.00405029459313e+22,"merge_exp":46,"mainWeaponId":46,"carHp":325,"airdropcar_level":"37,38,39","weight":"6,3,1"},"47":{"id":47,"name":"消防车","displayname":47,"level":47,"control":0.458,"path":"ui_car_main/car_47.png","model":"Car_038","loadScene":1,"output_gold":1759218604441600,"gold_interval":2150,"output_gold_second":818241211368186,"gold":5000,"bonusCar_level":40,"unlock_buy_gold_level":43,"buy_gold":3.33846722952217e+22,"add_gold":1.3,"diamond":0,"share_diamond":645,"unlock_buy_diamond_level":45,"buy_diamond":6552,"add_diamond":2192,"sell_gold":2.67077378361774e+22,"merge_exp":47,"mainWeaponId":47,"carHp":330,"airdropcar_level":"38,39,40","weight":"6,3,1"},"48":{"id":48,"name":"斯太尔","displayname":48,"level":48,"control":0.456,"path":"ui_car_main/car_48.png","model":"Car_038_1","loadScene":1,"output_gold":3518437208883200,"gold_interval":2110,"output_gold_second":1667505786200570,"gold":5000,"bonusCar_level":41,"unlock_buy_gold_level":44,"buy_gold":8.88032283052899e+22,"add_gold":1.3,"diamond":0,"share_diamond":660,"unlock_buy_diamond_level":46,"buy_diamond":7011,"add_diamond":2345,"sell_gold":7.10425826442319e+22,"merge_exp":48,"mainWeaponId":48,"carHp":335,"airdropcar_level":"39,40,41","weight":"6,3,1"},"49":{"id":49,"name":"征服者","displayname":49,"level":49,"control":0.454,"path":"ui_car_main/car_49.png","model":"Car_023_1","loadScene":1,"output_gold":7036874417766400,"gold_interval":2070,"output_gold_second":3399456240466860,"gold":5000,"bonusCar_level":42,"unlock_buy_gold_level":45,"buy_gold":2.6640968491587e+23,"add_gold":1.6,"diamond":0,"share_diamond":675,"unlock_buy_diamond_level":47,"buy_diamond":7502,"add_diamond":2509,"sell_gold":2.13127747932696e+23,"merge_exp":49,"mainWeaponId":49,"carHp":340,"airdropcar_level":"40,41,42","weight":"6,3,1"},"50":{"id":50,"name":"莱肯超级跑车-S","displayname":50,"level":50,"control":0.452,"path":"ui_car_main/car_50.png","model":"Car_023","loadScene":1,"output_gold":14073748835532800,"gold_interval":2030,"output_gold_second":6932881199769850,"gold":5000,"bonusCar_level":43,"unlock_buy_gold_level":46,"buy_gold":7.99229054747609e+23,"add_gold":1.6,"diamond":0,"share_diamond":690,"unlock_buy_diamond_level":48,"buy_diamond":8027,"add_diamond":2685,"sell_gold":6.39383243798087e+23,"merge_exp":50,"mainWeaponId":50,"carHp":345,"airdropcar_level":"41,42,43","weight":"6,3,1"}},"shopItem":{"1":{"id":1,"name":"增益卡","level":1,"desc":"所有车辆收益增加{0}%","type":1,"value":5,"price":10000,"icon":"gains_bonus","unlock":0},"2":{"id":2,"name":"增益卡","level":2,"desc":"所有车辆收益增加{0}%","type":1,"value":10,"price":500000,"icon":"gains_bonus","unlock":1},"3":{"id":3,"name":"增益卡","level":3,"desc":"所有车辆收益增加{0}%","type":1,"value":20,"price":5500000,"icon":"gains_bonus","unlock":2},"4":{"id":4,"name":"增益卡","level":4,"desc":"所有车辆收益增加{0}%","type":1,"value":40,"price":1100000000,"icon":"所有车辆收益增加{0}%","unlock":3},"5":{"id":5,"name":"增益卡","level":5,"desc":"所有车辆收益增加{0}%","type":1,"value":70,"price":13000000,"icon":"gains_bonus","unlock":4},"6":{"id":6,"name":"增益卡","level":6,"desc":"所有车辆收益增加{0}%","type":1,"value":110,"price":13000000000000,"icon":"gains_bonus","unlock":5},"7":{"id":7,"name":"增益卡","level":7,"desc":"所有车辆收益增加{0}%","type":1,"value":160,"price":180000000000000,"icon":"gains_bonus","unlock":6},"8":{"id":8,"name":"增益卡","level":8,"desc":"所有车辆收益增加{0}%","type":1,"value":225,"price":2200000000000000,"icon":"gains_bonus","unlock":7},"9":{"id":9,"name":"增益卡","level":9,"desc":"所有车辆收益增加{0}%","type":1,"value":500,"price":290730000000000000,"icon":"gains_bonus","unlock":8},"10":{"id":10,"name":"打折卡","level":1,"desc":"所有车辆降价{0}%","type":2,"value":5,"price":80000,"icon":"discount","unlock":0},"11":{"id":11,"name":"打折卡","level":2,"desc":"所有车辆降价{0}%","type":2,"value":15,"price":50000000,"icon":"discount","unlock":10},"12":{"id":12,"name":"打折卡","level":3,"desc":"所有车辆降价{0}%","type":2,"value":25,"price":10000000000,"icon":"discount","unlock":11},"13":{"id":13,"name":"打折卡","level":4,"desc":"所有车辆降价{0}%","type":2,"value":35,"price":850000000000,"icon":"discount","unlock":12},"14":{"id":14,"name":"打折卡","level":5,"desc":"所有车辆降价{0}%","type":2,"value":50,"price":280000000000000,"icon":"discount","unlock":13},"15":{"id":15,"name":"打折卡","level":6,"desc":"所有车辆降价{0}%","type":2,"value":55,"price":4517930000000000,"icon":"discount","unlock":14},"16":{"id":16,"name":"打折卡","level":7,"desc":"所有车辆降价{0}%","type":2,"value":60,"price":180250000000000000,"icon":"discount","unlock":15},"17":{"id":17,"name":"打折卡","level":8,"desc":"所有车辆降价{0}%","type":2,"value":65,"price":1832960000000000000,"icon":"discount","unlock":16}},"carRandom":{"1":{"id":1,"random_level_01":1,"random_weight_01":100,"random_level_02":-1,"random_weight_02":-1,"random_level_03":-1,"random_weight_03":-1,"random_level_04":-1,"random_weight_04":-1,"random_level_05":-1,"random_weight_05":-1},"2":{"id":2,"random_level_01":1,"random_weight_01":100,"random_level_02":-1,"random_weight_02":-1,"random_level_03":-1,"random_weight_03":-1,"random_level_04":-1,"random_weight_04":-1,"random_level_05":-1,"random_weight_05":-1},"3":{"id":3,"random_level_01":1,"random_weight_01":100,"random_level_02":-1,"random_weight_02":-1,"random_level_03":-1,"random_weight_03":-1,"random_level_04":-1,"random_weight_04":-1,"random_level_05":-1,"random_weight_05":-1},"4":{"id":4,"random_level_01":1,"random_weight_01":100,"random_level_02":2,"random_weight_02":30,"random_level_03":-1,"random_weight_03":-1,"random_level_04":-1,"random_weight_04":-1,"random_level_05":-1,"random_weight_05":-1},"5":{"id":5,"random_level_01":1,"random_weight_01":100,"random_level_02":2,"random_weight_02":30,"random_level_03":-1,"random_weight_03":-1,"random_level_04":-1,"random_weight_04":-1,"random_level_05":-1,"random_weight_05":-1},"6":{"id":6,"random_level_01":2,"random_weight_01":100,"random_level_02":-1,"random_weight_02":-1,"random_level_03":-1,"random_weight_03":-1,"random_level_04":-1,"random_weight_04":-1,"random_level_05":-1,"random_weight_05":-1},"7":{"id":7,"random_level_01":2,"random_weight_01":100,"random_level_02":3,"random_weight_02":30,"random_level_03":-1,"random_weight_03":-1,"random_level_04":-1,"random_weight_04":-1,"random_level_05":-1,"random_weight_05":-1},"8":{"id":8,"random_level_01":3,"random_weight_01":100,"random_level_02":-1,"random_weight_02":-1,"random_level_03":-1,"random_weight_03":-1,"random_level_04":-1,"random_weight_04":-1,"random_level_05":-1,"random_weight_05":-1},"9":{"id":9,"random_level_01":3,"random_weight_01":100,"random_level_02":-1,"random_weight_02":-1,"random_level_03":-1,"random_weight_03":-1,"random_level_04":-1,"random_weight_04":-1,"random_level_05":-1,"random_weight_05":-1},"10":{"id":10,"random_level_01":3,"random_weight_01":100,"random_level_02":4,"random_weight_02":30,"random_level_03":-1,"random_weight_03":-1,"random_level_04":-1,"random_weight_04":-1,"random_level_05":-1,"random_weight_05":-1},"11":{"id":11,"random_level_01":4,"random_weight_01":100,"random_level_02":-1,"random_weight_02":-1,"random_level_03":-1,"random_weight_03":-1,"random_level_04":-1,"random_weight_04":-1,"random_level_05":-1,"random_weight_05":-1},"12":{"id":12,"random_level_01":4,"random_weight_01":100,"random_level_02":-1,"random_weight_02":-1,"random_level_03":-1,"random_weight_03":-1,"random_level_04":-1,"random_weight_04":-1,"random_level_05":-1,"random_weight_05":-1},"13":{"id":13,"random_level_01":4,"random_weight_01":100,"random_level_02":5,"random_weight_02":30,"random_level_03":-1,"random_weight_03":-1,"random_level_04":-1,"random_weight_04":-1,"random_level_05":-1,"random_weight_05":-1},"14":{"id":14,"random_level_01":5,"random_weight_01":100,"random_level_02":-1,"random_weight_02":-1,"random_level_03":-1,"random_weight_03":-1,"random_level_04":-1,"random_weight_04":-1,"random_level_05":-1,"random_weight_05":-1},"15":{"id":15,"random_level_01":5,"random_weight_01":100,"random_level_02":6,"random_weight_02":30,"random_level_03":-1,"random_weight_03":-1,"random_level_04":-1,"random_weight_04":-1,"random_level_05":-1,"random_weight_05":-1},"16":{"id":16,"random_level_01":6,"random_weight_01":100,"random_level_02":7,"random_weight_02":30,"random_level_03":-1,"random_weight_03":-1,"random_level_04":-1,"random_weight_04":-1,"random_level_05":-1,"random_weight_05":-1},"17":{"id":17,"random_level_01":7,"random_weight_01":100,"random_level_02":8,"random_weight_02":30,"random_level_03":-1,"random_weight_03":-1,"random_level_04":-1,"random_weight_04":-1,"random_level_05":-1,"random_weight_05":-1},"18":{"id":18,"random_level_01":8,"random_weight_01":100,"random_level_02":-1,"random_weight_02":-1,"random_level_03":-1,"random_weight_03":-1,"random_level_04":-1,"random_weight_04":-1,"random_level_05":-1,"random_weight_05":-1},"19":{"id":19,"random_level_01":8,"random_weight_01":100,"random_level_02":9,"random_weight_02":30,"random_level_03":-1,"random_weight_03":-1,"random_level_04":-1,"random_weight_04":-1,"random_level_05":-1,"random_weight_05":-1},"20":{"id":20,"random_level_01":9,"random_weight_01":100,"random_level_02":-1,"random_weight_02":-1,"random_level_03":-1,"random_weight_03":-1,"random_level_04":-1,"random_weight_04":-1,"random_level_05":-1,"random_weight_05":-1},"21":{"id":21,"random_level_01":9,"random_weight_01":100,"random_level_02":10,"random_weight_02":30,"random_level_03":-1,"random_weight_03":-1,"random_level_04":-1,"random_weight_04":-1,"random_level_05":-1,"random_weight_05":-1},"22":{"id":22,"random_level_01":10,"random_weight_01":100,"random_level_02":11,"random_weight_02":30,"random_level_03":-1,"random_weight_03":-1,"random_level_04":-1,"random_weight_04":-1,"random_level_05":-1,"random_weight_05":-1},"23":{"id":23,"random_level_01":11,"random_weight_01":100,"random_level_02":12,"random_weight_02":30,"random_level_03":-1,"random_weight_03":-1,"random_level_04":-1,"random_weight_04":-1,"random_level_05":-1,"random_weight_05":-1},"24":{"id":24,"random_level_01":12,"random_weight_01":100,"random_level_02":13,"random_weight_02":30,"random_level_03":-1,"random_weight_03":-1,"random_level_04":-1,"random_weight_04":-1,"random_level_05":-1,"random_weight_05":-1},"25":{"id":25,"random_level_01":13,"random_weight_01":100,"random_level_02":-1,"random_weight_02":-1,"random_level_03":-1,"random_weight_03":-1,"random_level_04":-1,"random_weight_04":-1,"random_level_05":-1,"random_weight_05":-1},"26":{"id":26,"random_level_01":13,"random_weight_01":100,"random_level_02":14,"random_weight_02":30,"random_level_03":-1,"random_weight_03":-1,"random_level_04":-1,"random_weight_04":-1,"random_level_05":-1,"random_weight_05":-1},"27":{"id":27,"random_level_01":14,"random_weight_01":100,"random_level_02":15,"random_weight_02":30,"random_level_03":-1,"random_weight_03":-1,"random_level_04":-1,"random_weight_04":-1,"random_level_05":-1,"random_weight_05":-1},"28":{"id":28,"random_level_01":14,"random_weight_01":100,"random_level_02":15,"random_weight_02":30,"random_level_03":-1,"random_weight_03":-1,"random_level_04":-1,"random_weight_04":-1,"random_level_05":-1,"random_weight_05":-1},"29":{"id":29,"random_level_01":15,"random_weight_01":100,"random_level_02":16,"random_weight_02":30,"random_level_03":-1,"random_weight_03":-1,"random_level_04":-1,"random_weight_04":-1,"random_level_05":-1,"random_weight_05":-1},"30":{"id":30,"random_level_01":16,"random_weight_01":100,"random_level_02":17,"random_weight_02":30,"random_level_03":-1,"random_weight_03":-1,"random_level_04":-1,"random_weight_04":-1,"random_level_05":-1,"random_weight_05":-1},"31":{"id":31,"random_level_01":17,"random_weight_01":100,"random_level_02":18,"random_weight_02":30,"random_level_03":-1,"random_weight_03":-1,"random_level_04":-1,"random_weight_04":-1,"random_level_05":-1,"random_weight_05":-1},"32":{"id":32,"random_level_01":18,"random_weight_01":100,"random_level_02":19,"random_weight_02":30,"random_level_03":-1,"random_weight_03":-1,"random_level_04":-1,"random_weight_04":-1,"random_level_05":-1,"random_weight_05":-1},"33":{"id":33,"random_level_01":19,"random_weight_01":100,"random_level_02":20,"random_weight_02":30,"random_level_03":-1,"random_weight_03":-1,"random_level_04":-1,"random_weight_04":-1,"random_level_05":-1,"random_weight_05":-1},"34":{"id":34,"random_level_01":20,"random_weight_01":100,"random_level_02":21,"random_weight_02":30,"random_level_03":-1,"random_weight_03":-1,"random_level_04":-1,"random_weight_04":-1,"random_level_05":-1,"random_weight_05":-1},"35":{"id":35,"random_level_01":21,"random_weight_01":100,"random_level_02":22,"random_weight_02":30,"random_level_03":-1,"random_weight_03":-1,"random_level_04":-1,"random_weight_04":-1,"random_level_05":-1,"random_weight_05":-1},"36":{"id":36,"random_level_01":22,"random_weight_01":100,"random_level_02":23,"random_weight_02":30,"random_level_03":-1,"random_weight_03":-1,"random_level_04":-1,"random_weight_04":-1,"random_level_05":-1,"random_weight_05":-1},"37":{"id":37,"random_level_01":23,"random_weight_01":100,"random_level_02":24,"random_weight_02":30,"random_level_03":-1,"random_weight_03":-1,"random_level_04":-1,"random_weight_04":-1,"random_level_05":-1,"random_weight_05":-1},"38":{"id":38,"random_level_01":24,"random_weight_01":100,"random_level_02":25,"random_weight_02":30,"random_level_03":-1,"random_weight_03":-1,"random_level_04":-1,"random_weight_04":-1,"random_level_05":-1,"random_weight_05":-1},"39":{"id":39,"random_level_01":25,"random_weight_01":100,"random_level_02":26,"random_weight_02":30,"random_level_03":-1,"random_weight_03":-1,"random_level_04":-1,"random_weight_04":-1,"random_level_05":-1,"random_weight_05":-1},"40":{"id":40,"random_level_01":26,"random_weight_01":100,"random_level_02":27,"random_weight_02":30,"random_level_03":-1,"random_weight_03":-1,"random_level_04":-1,"random_weight_04":-1,"random_level_05":-1,"random_weight_05":-1}},"airDrop":{"openLevel":6,"carNum":[12,13,14,15],"waitTime":[120,60],"levelInterval":[7,9],"carRatio":[6,3,1]},"viceWeaponIndex":[1,21,41,61,81],"mainWeaponIndex":5,"onlineGiftTime":[0,60,120,120,120,120,120,120],"offLineTime":600,"offLineMaxTime":2,"offLine":{"0":{"min_time":0,"max_time":2,"revenue_multiple":1},"1":{"min_time":2,"max_time":3,"revenue_multiple":0.3},"2":{"min_time":3,"max_time":4,"revenue_multiple":0.2},"3":{"min_time":4,"max_time":5,"revenue_multiple":0.15},"4":{"min_time":5,"max_time":6,"revenue_multiple":0.1},"5":{"min_time":6,"max_time":7,"revenue_multiple":0.05},"6":{"min_time":7,"max_time":8,"revenue_multiple":0.03},"7":{"min_time":8,"max_time":9,"revenue_multiple":0.02},"8":{"min_time":9,"max_time":10,"revenue_multiple":0.01}},"bulletConfig":{"1":{"bullet_id":1,"bullet_des":"boss子弹1","bullet_pic":"ui_bullet/p_bullet_1.png","bulletSpeed":15,"bullet_type":0,"shadow_pic":"ui_bullet/p_bullet_shadow1.png"},"2":{"bullet_id":2,"bullet_des":"一级子弹1","bullet_pic":"ui_bullet/p_bullet_2.png","bulletSpeed":15,"bullet_type":0,"shadow_pic":"ui_bullet/p_bullet_shadow2.png"},"3":{"bullet_id":3,"bullet_des":"一级子弹2","bullet_pic":"ui_bullet/p_bullet_3.png","bulletSpeed":15,"bullet_type":0,"shadow_pic":"ui_bullet/p_bullet_shadow2.png"},"4":{"bullet_id":4,"bullet_des":"一级子弹3","bullet_pic":"ui_bullet/p_bullet_4.png","bulletSpeed":15,"bullet_type":0,"shadow_pic":"ui_bullet/p_bullet_shadow2.png"},"5":{"bullet_id":5,"bullet_des":"一级子弹4","bullet_pic":"ui_bullet/p_bullet_5.png","bulletSpeed":15,"bullet_type":0,"shadow_pic":"ui_bullet/p_bullet_shadow2.png"},"6":{"bullet_id":6,"bullet_des":"二级子弹1","bullet_pic":"ui_bullet/p_bullet_6.png","bulletSpeed":15,"bullet_type":0,"shadow_pic":"ui_bullet/p_bullet_shadow3.png"},"7":{"bullet_id":7,"bullet_des":"二级子弹2","bullet_pic":"ui_bullet/p_bullet_7.png","bulletSpeed":15,"bullet_type":0,"shadow_pic":"ui_bullet/p_bullet_shadow3.png"},"8":{"bullet_id":8,"bullet_des":"二级子弹3","bullet_pic":"ui_bullet/p_bullet_8.png","bulletSpeed":15,"bullet_type":0,"shadow_pic":"ui_bullet/p_bullet_shadow3.png"},"9":{"bullet_id":9,"bullet_des":"追踪导弹*1","bullet_pic":"ui_bullet/p_missile_2.png","bulletSpeed":15,"bullet_type":1,"shadow_pic":"ui_bullet/p_missile_5.png"},"10":{"bullet_id":10,"bullet_des":"飞盘弹*1","bullet_pic":"ui_bullet/p_missile_6.png","bulletSpeed":15,"bullet_type":2,"shadow_pic":"ui_bullet/p_missile_7.png"},"11":{"bullet_id":11,"bullet_des":"机枪弹*1","bullet_pic":"ui_bullet/p_bullet_5.png","bulletSpeed":15,"bullet_type":0,"shadow_pic":"ui_bullet/p_bullet_shadow2.png"},"12":{"bullet_id":12,"bullet_des":"导弹*1","bullet_pic":"ui_bullet/p_missile_1.png","bulletSpeed":15,"bullet_type":0,"shadow_pic":"ui_bullet/p_missile_5.png"},"13":{"bullet_id":13,"bullet_des":"激光*1","bullet_pic":"ui_bullet/p_missile_5.png","bulletSpeed":15,"bullet_type":0,"shadow_pic":"ui_bullet/p_bullet_shadow2.png"},"14":{"bullet_id":14,"bullet_des":"二级子弹4","bullet_pic":"ui_bullet/p_bullet_9.png","bulletSpeed":15,"bullet_type":0,"shadow_pic":"ui_bullet/p_bullet_shadow3.png"},"15":{"bullet_id":15,"bullet_des":"三级子弹1","bullet_pic":"ui_bullet/p_bullet_10.png","bulletSpeed":15,"bullet_type":0,"shadow_pic":"ui_bullet/p_bullet_shadow4.png"},"16":{"bullet_id":16,"bullet_des":"三级子弹2","bullet_pic":"ui_bullet/p_bullet_11.png","bulletSpeed":15,"bullet_type":0,"shadow_pic":"ui_bullet/p_bullet_shadow4.png"},"17":{"bullet_id":17,"bullet_des":"三级子弹3","bullet_pic":"ui_bullet/p_bullet_12.png","bulletSpeed":15,"bullet_type":0,"shadow_pic":"ui_bullet/p_bullet_shadow4.png"},"18":{"bullet_id":18,"bullet_des":"三级子弹4","bullet_pic":"ui_bullet/p_bullet_13.png","bulletSpeed":15,"bullet_type":0,"shadow_pic":"ui_bullet/p_bullet_shadow4.png"},"19":{"bullet_id":19,"bullet_des":"四级子弹1","bullet_pic":"ui_bullet/p_bullet_14.png","bulletSpeed":15,"bullet_type":0,"shadow_pic":"ui_bullet/p_bullet_shadow5.png"},"20":{"bullet_id":20,"bullet_des":"四级子弹2","bullet_pic":"ui_bullet/p_bullet_15.png","bulletSpeed":15,"bullet_type":0,"shadow_pic":"ui_bullet/p_bullet_shadow5.png"},"21":{"bullet_id":21,"bullet_des":"四级子弹3","bullet_pic":"ui_bullet/p_bullet_16.png","bulletSpeed":15,"bullet_type":0,"shadow_pic":"ui_bullet/p_bullet_shadow5.png"},"22":{"bullet_id":22,"bullet_des":"四级子弹4","bullet_pic":"ui_bullet/p_bullet_17.png","bulletSpeed":15,"bullet_type":0,"shadow_pic":"ui_bullet/p_bullet_shadow5.png"},"23":{"bullet_id":23,"bullet_des":"副武器子弹1","bullet_pic":"ui_bullet/sub_bullet_1.png","bulletSpeed":15,"bullet_type":0,"shadow_pic":"ui_bullet/sub_bullet_shadow1.png"},"24":{"bullet_id":24,"bullet_des":"副武器子弹2","bullet_pic":"ui_bullet/sub_bullet_2.png","bulletSpeed":15,"bullet_type":0,"shadow_pic":"ui_bullet/sub_bullet_shadow1.png"},"25":{"bullet_id":25,"bullet_des":"副武器子弹3","bullet_pic":"ui_bullet/sub_bullet_3.png","bulletSpeed":15,"bullet_type":0,"shadow_pic":"ui_bullet/sub_bullet_shadow1.png"},"26":{"bullet_id":26,"bullet_des":"副武器子弹4","bullet_pic":"ui_bullet/sub_bullet_4.png","bulletSpeed":15,"bullet_type":0,"shadow_pic":"ui_bullet/sub_bullet_shadow1.png"},"27":{"bullet_id":27,"bullet_des":"副武器子弹5","bullet_pic":"ui_bullet/sub_bullet_5.png","bulletSpeed":15,"bullet_type":0,"shadow_pic":"ui_bullet/sub_bullet_shadow1.png"},"28":{"bullet_id":28,"bullet_des":"副武器子弹6","bullet_pic":"ui_bullet/sub_bullet_6.png","bulletSpeed":15,"bullet_type":0,"shadow_pic":"ui_bullet/sub_bullet_shadow2.png"},"29":{"bullet_id":29,"bullet_des":"副武器子弹7","bullet_pic":"ui_bullet/sub_bullet_7.png","bulletSpeed":15,"bullet_type":0,"shadow_pic":"ui_bullet/sub_bullet_shadow2.png"},"30":{"bullet_id":30,"bullet_des":"副武器子弹8","bullet_pic":"ui_bullet/sub_bullet_8.png","bulletSpeed":15,"bullet_type":0,"shadow_pic":"ui_bullet/sub_bullet_shadow2.png"},"31":{"bullet_id":31,"bullet_des":"副武器子弹9","bullet_pic":"ui_bullet/sub_bullet_9.png","bulletSpeed":15,"bullet_type":0,"shadow_pic":"ui_bullet/sub_bullet_shadow2.png"},"32":{"bullet_id":32,"bullet_des":"副武器子弹10","bullet_pic":"ui_bullet/sub_bullet_10.png","bulletSpeed":15,"bullet_type":0,"shadow_pic":"ui_bullet/sub_bullet_shadow2.png"},"33":{"bullet_id":33,"bullet_des":"副武器子弹11","bullet_pic":"ui_bullet/sub_bullet_11.png","bulletSpeed":15,"bullet_type":0,"shadow_pic":"ui_bullet/sub_bullet_shadow3.png"},"34":{"bullet_id":34,"bullet_des":"副武器子弹12","bullet_pic":"ui_bullet/sub_bullet_12.png","bulletSpeed":15,"bullet_type":0,"shadow_pic":"ui_bullet/sub_bullet_shadow3.png"},"35":{"bullet_id":35,"bullet_des":"副武器子弹13","bullet_pic":"ui_bullet/sub_bullet_13.png","bulletSpeed":15,"bullet_type":0,"shadow_pic":"ui_bullet/sub_bullet_shadow3.png"},"36":{"bullet_id":36,"bullet_des":"副武器子弹14","bullet_pic":"ui_bullet/sub_bullet_14.png","bulletSpeed":15,"bullet_type":0,"shadow_pic":"ui_bullet/sub_bullet_shadow3.png"},"37":{"bullet_id":37,"bullet_des":"副武器子弹15","bullet_pic":"ui_bullet/sub_bullet_15.png","bulletSpeed":15,"bullet_type":0,"shadow_pic":"ui_bullet/sub_bullet_shadow3.png"},"38":{"bullet_id":38,"bullet_des":"副武器子弹16","bullet_pic":"ui_bullet/sub_bullet_16.png","bulletSpeed":15,"bullet_type":0,"shadow_pic":"ui_bullet/sub_bullet_shadow4.png"},"39":{"bullet_id":39,"bullet_des":"副武器子弹17","bullet_pic":"ui_bullet/sub_bullet_17.png","bulletSpeed":15,"bullet_type":0,"shadow_pic":"ui_bullet/sub_bullet_shadow4.png"},"40":{"bullet_id":40,"bullet_des":"副武器子弹18","bullet_pic":"ui_bullet/sub_bullet_18.png","bulletSpeed":15,"bullet_type":0,"shadow_pic":"ui_bullet/sub_bullet_shadow4.png"},"41":{"bullet_id":41,"bullet_des":"副武器子弹19","bullet_pic":"ui_bullet/sub_bullet_19.png","bulletSpeed":15,"bullet_type":0,"shadow_pic":"ui_bullet/sub_bullet_shadow4.png"},"42":{"bullet_id":42,"bullet_des":"副武器子弹20","bullet_pic":"ui_bullet/sub_bullet_20.png","bulletSpeed":15,"bullet_type":0,"shadow_pic":"ui_bullet/sub_bullet_shadow4.png"},"43":{"bullet_id":43,"bullet_des":"副武器子弹21","bullet_pic":"ui_bullet/sub_bullet_21.png","bulletSpeed":15,"bullet_type":0,"shadow_pic":"ui_bullet/sub_bullet_shadow5.png"},"44":{"bullet_id":44,"bullet_des":"副武器子弹22","bullet_pic":"ui_bullet/sub_bullet_22.png","bulletSpeed":15,"bullet_type":0,"shadow_pic":"ui_bullet/sub_bullet_shadow5.png"},"45":{"bullet_id":45,"bullet_des":"副武器子弹23","bullet_pic":"ui_bullet/sub_bullet_23.png","bulletSpeed":15,"bullet_type":0,"shadow_pic":"ui_bullet/sub_bullet_shadow5.png"},"46":{"bullet_id":46,"bullet_des":"副武器子弹24","bullet_pic":"ui_bullet/sub_bullet_24.png","bulletSpeed":15,"bullet_type":0,"shadow_pic":"ui_bullet/sub_bullet_shadow5.png"},"47":{"bullet_id":47,"bullet_des":"副武器子弹25","bullet_pic":"ui_bullet/sub_bullet_25.png","bulletSpeed":15,"bullet_type":0,"shadow_pic":"ui_bullet/sub_bullet_shadow5.png"},"48":{"bullet_id":48,"bullet_des":"五级子弹1","bullet_pic":"ui_bullet/p_bullet_18.png","bulletSpeed":15,"bullet_type":0,"shadow_pic":"ui_bullet/p_bullet_shadow6.png"},"49":{"bullet_id":49,"bullet_des":"五级子弹2","bullet_pic":"ui_bullet/p_bullet_19.png","bulletSpeed":15,"bullet_type":0,"shadow_pic":"ui_bullet/p_bullet_shadow6.png"},"50":{"bullet_id":50,"bullet_des":"五级子弹3","bullet_pic":"ui_bullet/p_bullet_20.png","bulletSpeed":15,"bullet_type":0,"shadow_pic":"ui_bullet/p_bullet_shadow6.png"},"51":{"bullet_id":51,"bullet_des":"五级子弹4","bullet_pic":"ui_bullet/p_bullet_21.png","bulletSpeed":15,"bullet_type":0,"shadow_pic":"ui_bullet/p_bullet_shadow6.png"},"52":{"bullet_id":52,"bullet_des":"六级子弹1","bullet_pic":"ui_bullet/p_bullet_22.png","bulletSpeed":15,"bullet_type":0,"shadow_pic":"ui_bullet/p_bullet_shadow7.png"},"53":{"bullet_id":53,"bullet_des":"六级子弹2","bullet_pic":"ui_bullet/p_bullet_23.png","bulletSpeed":15,"bullet_type":0,"shadow_pic":"ui_bullet/p_bullet_shadow7.png"},"54":{"bullet_id":54,"bullet_des":"六级子弹3","bullet_pic":"ui_bullet/p_bullet_24.png","bulletSpeed":15,"bullet_type":0,"shadow_pic":"ui_bullet/p_bullet_shadow7.png"},"55":{"bullet_id":55,"bullet_des":"六级子弹4","bullet_pic":"ui_bullet/p_bullet_25.png","bulletSpeed":15,"bullet_type":0,"shadow_pic":"ui_bullet/p_bullet_shadow7.png"},"56":{"bullet_id":56,"bullet_des":"七级子弹1","bullet_pic":"ui_bullet/p_bullet_26.png","bulletSpeed":15,"bullet_type":0,"shadow_pic":"ui_bullet/p_bullet_shadow8.png"},"57":{"bullet_id":57,"bullet_des":"七级子弹2","bullet_pic":"ui_bullet/p_bullet_27.png","bulletSpeed":15,"bullet_type":0,"shadow_pic":"ui_bullet/p_bullet_shadow8.png"},"58":{"bullet_id":58,"bullet_des":"七级子弹3","bullet_pic":"ui_bullet/p_bullet_28.png","bulletSpeed":15,"bullet_type":0,"shadow_pic":"ui_bullet/p_bullet_shadow8.png"},"59":{"bullet_id":59,"bullet_des":"七级子弹4","bullet_pic":"ui_bullet/p_bullet_29.png","bulletSpeed":15,"bullet_type":0,"shadow_pic":"ui_bullet/p_bullet_shadow8.png"},"60":{"bullet_id":60,"bullet_des":"八级子弹1","bullet_pic":"ui_bullet/p_bullet_30.png","bulletSpeed":15,"bullet_type":0,"shadow_pic":"ui_bullet/p_bullet_shadow9.png"},"61":{"bullet_id":61,"bullet_des":"八级子弹2","bullet_pic":"ui_bullet/p_bullet_31.png","bulletSpeed":15,"bullet_type":0,"shadow_pic":"ui_bullet/p_bullet_shadow9.png"},"62":{"bullet_id":62,"bullet_des":"八级子弹3","bullet_pic":"ui_bullet/p_bullet_32.png","bulletSpeed":15,"bullet_type":0,"shadow_pic":"ui_bullet/p_bullet_shadow9.png"},"63":{"bullet_id":63,"bullet_des":"八级子弹4","bullet_pic":"ui_bullet/p_bullet_33.png","bulletSpeed":15,"bullet_type":0,"shadow_pic":"ui_bullet/p_bullet_shadow9.png"},"64":{"bullet_id":64,"bullet_des":"九级子弹1","bullet_pic":"ui_bullet/p_bullet_34.png","bulletSpeed":15,"bullet_type":0,"shadow_pic":"ui_bullet/p_bullet_shadow10.png"},"65":{"bullet_id":65,"bullet_des":"九级子弹2","bullet_pic":"ui_bullet/p_bullet_35.png","bulletSpeed":15,"bullet_type":0,"shadow_pic":"ui_bullet/p_bullet_shadow10.png"},"66":{"bullet_id":66,"bullet_des":"九级子弹3","bullet_pic":"ui_bullet/p_bullet_36.png","bulletSpeed":15,"bullet_type":0,"shadow_pic":"ui_bullet/p_bullet_shadow10.png"},"67":{"bullet_id":67,"bullet_des":"九级子弹4","bullet_pic":"ui_bullet/p_bullet_37.png","bulletSpeed":15,"bullet_type":0,"shadow_pic":"ui_bullet/p_bullet_shadow10.png"},"68":{"bullet_id":68,"bullet_des":"十级子弹1","bullet_pic":"ui_bullet/p_bullet_38.png","bulletSpeed":15,"bullet_type":0,"shadow_pic":"ui_bullet/p_bullet_shadow11.png"},"69":{"bullet_id":69,"bullet_des":"十级子弹2","bullet_pic":"ui_bullet/p_bullet_39.png","bulletSpeed":15,"bullet_type":0,"shadow_pic":"ui_bullet/p_bullet_shadow11.png"},"70":{"bullet_id":70,"bullet_des":"十级子弹3","bullet_pic":"ui_bullet/p_bullet_40.png","bulletSpeed":15,"bullet_type":0,"shadow_pic":"ui_bullet/p_bullet_shadow11.png"},"71":{"bullet_id":71,"bullet_des":"十级子弹4","bullet_pic":"ui_bullet/p_bullet_41.png","bulletSpeed":15,"bullet_type":0,"shadow_pic":"ui_bullet/p_bullet_shadow11.png"}},"itemConfig":{"1":{"id":1,"name":"gas","item_path":"ui_bullet/p_nitrogen.png","des":"氮气加速","function":"加速冲刺并无敌","num":1,"chance":0.07,"time":6,"amount":1,"item_type":1,"probs_type":1,"progress_skin":"ui_game/game_img_item_bg_1.png","progress_path":"ui_game/game_item_1.png","item_name":"氮气"},"2":{"id":2,"name":"upgrade","item_path":"ui_bullet/p_ballistic.png","des":"武器升级","function":"吃下道具后直接发射五排子弹","num":1,"chance":0.03,"time":5,"amount":1,"item_type":2,"probs_type":1,"progress_skin":"ui_game/game_img_item_bg_3.png","progress_path":"ui_game/game_item_2.png","item_name":"弹幕"},"3":{"id":3,"name":"double_cash","item_path":"ui_bullet/p_item_4.png","des":"美钞翻倍","function":"获取的美钞翻倍","num":1,"chance":0.02,"time":8,"amount":1,"item_type":3,"probs_type":1,"progress_skin":"ui_game/game_img_item_bg_1.png","progress_path":"ui_game/game_item_3.png","item_name":"美钞"},"4":{"id":4,"name":"kit","item_path":"ui_bullet/p_item_3.png","des":"医疗包","function":"回复血量","num":1,"chance":0.02,"time":-1,"amount":1,"item_type":4,"probs_type":1,"progress_skin":"","progress_path":"","item_name":""},"5":{"id":5,"name":"cash","item_path":"ui_bullet/p_item_2.png","des":"美钞","function":"副武器、飞行器升级道具","num":1,"chance":0.8,"time":-1,"amount":1,"item_type":6,"probs_type":2,"progress_skin":"","progress_path":"","item_name":""},"6":{"id":6,"name":"more_cash","item_path":"ui_bullet/p_item_1.png","des":"大额美钞","function":"副武器、飞行器升级道具","num":1,"chance":0.2,"time":-1,"amount":2,"item_type":6,"probs_type":2,"progress_skin":"","progress_path":"","item_name":""}},"EnemyConfig":{"1":{"enemyCarId":1,"enemyCarname":"普通小怪1","hp_ercentages":1,"hp_ercentages_type":1,"cartype":1,"attack":-1,"attack_grow":-1,"missile":-1,"putLv":0,"show_part":"0,100","show_chance":10,"car_pic":"ui_car/p_EnemyCar_1.png","car_gun":-1},"2":{"enemyCarId":2,"enemyCarname":"普通小怪2","hp_ercentages":1,"hp_ercentages_type":1,"cartype":1,"attack":-1,"attack_grow":-1,"missile":-1,"putLv":0,"show_part":"0,100","show_chance":10,"car_pic":"ui_car/p_EnemyCar_2.png","car_gun":-1},"3":{"enemyCarId":3,"enemyCarname":"普通小怪3","hp_ercentages":1,"hp_ercentages_type":1,"cartype":1,"attack":-1,"attack_grow":-1,"missile":-1,"putLv":0,"show_part":"0,100","show_chance":10,"car_pic":"ui_car/p_EnemyCar_3.png","car_gun":-1},"4":{"enemyCarId":4,"enemyCarname":"普通小怪4","hp_ercentages":1,"hp_ercentages_type":1,"cartype":1,"attack":-1,"attack_grow":-1,"missile":-1,"putLv":0,"show_part":"0,100","show_chance":10,"car_pic":"ui_car/p_EnemyCar_4.png","car_gun":-1},"5":{"enemyCarId":5,"enemyCarname":"普通小怪5","hp_ercentages":1,"hp_ercentages_type":1,"cartype":1,"attack":-1,"attack_grow":-1,"missile":-1,"putLv":0,"show_part":"0,100","show_chance":10,"car_pic":"ui_car/p_EnemyCar_5.png","car_gun":-1},"6":{"enemyCarId":6,"enemyCarname":"普通小怪6","hp_ercentages":1,"hp_ercentages_type":1,"cartype":1,"attack":-1,"attack_grow":-1,"missile":-1,"putLv":0,"show_part":"0,100","show_chance":10,"car_pic":"ui_car/p_EnemyCar_6.png","car_gun":-1},"7":{"enemyCarId":7,"enemyCarname":"普通小怪7","hp_ercentages":1,"hp_ercentages_type":1,"cartype":1,"attack":-1,"attack_grow":-1,"missile":-1,"putLv":0,"show_part":"0,100","show_chance":10,"car_pic":"ui_car/p_EnemyCar_7.png","car_gun":-1},"8":{"enemyCarId":8,"enemyCarname":"普通小怪8","hp_ercentages":1,"hp_ercentages_type":1,"cartype":1,"attack":-1,"attack_grow":-1,"missile":-1,"putLv":0,"show_part":"0,100","show_chance":10,"car_pic":"ui_car/p_EnemyCar_8.png","car_gun":-1},"9":{"enemyCarId":9,"enemyCarname":"普通小怪9","hp_ercentages":1,"hp_ercentages_type":1,"cartype":1,"attack":-1,"attack_grow":-1,"missile":-1,"putLv":0,"show_part":"0,100","show_chance":10,"car_pic":"ui_car/p_EnemyCar_9.png","car_gun":-1},"10":{"enemyCarId":10,"enemyCarname":"普通小怪10","hp_ercentages":1,"hp_ercentages_type":1,"cartype":1,"attack":-1,"attack_grow":-1,"missile":-1,"putLv":0,"show_part":"0,100","show_chance":10,"car_pic":"ui_car/p_EnemyCar_10.png","car_gun":-1},"11":{"enemyCarId":11,"enemyCarname":"机枪小怪","hp_ercentages":1,"hp_ercentages_type":1,"cartype":2,"attack":10,"attack_grow":1,"missile":-1,"putLv":0,"show_part":"20,100","show_chance":15,"car_pic":"ui_car/p_EnemyCar_33.png","car_gun":"gun1.png"},"12":{"enemyCarId":12,"enemyCarname":"高级机枪小怪","hp_ercentages":2,"hp_ercentages_type":1,"cartype":2,"attack":12,"attack_grow":1,"missile":-1,"putLv":0,"show_part":"40,100","show_chance":10,"car_pic":"ui_car/p_EnemyCar_34.png","car_gun":"gun2.png"},"13":{"enemyCarId":13,"enemyCarname":"精英怪","hp_ercentages":20,"hp_ercentages_type":2,"cartype":3,"attack":20,"attack_grow":5,"missile":1,"putLv":0,"show_part":"40,60","show_chance":0.2,"car_pic":"ui_car/p_EnemyCar_13.png","car_gun":"gun3.png"},"14":{"enemyCarId":14,"enemyCarname":"普通小怪11","hp_ercentages":1,"hp_ercentages_type":1,"cartype":1,"attack":-1,"attack_grow":-1,"missile":-1,"putLv":0,"show_part":"0,100","show_chance":10,"car_pic":"ui_car/p_EnemyCar_11.png","car_gun":-1},"15":{"enemyCarId":15,"enemyCarname":"普通小怪12","hp_ercentages":1,"hp_ercentages_type":1,"cartype":1,"attack":-1,"attack_grow":-1,"missile":-1,"putLv":0,"show_part":"0,100","show_chance":10,"car_pic":"ui_car/p_EnemyCar_12.png","car_gun":-1},"16":{"enemyCarId":16,"enemyCarname":"普通小怪13","hp_ercentages":1,"hp_ercentages_type":1,"cartype":1,"attack":-1,"attack_grow":-1,"missile":-1,"putLv":0,"show_part":"0,100","show_chance":10,"car_pic":"ui_car/p_EnemyCar_13.png","car_gun":-1},"17":{"enemyCarId":17,"enemyCarname":"普通小怪14","hp_ercentages":1,"hp_ercentages_type":1,"cartype":1,"attack":-1,"attack_grow":-1,"missile":-1,"putLv":0,"show_part":"0,100","show_chance":10,"car_pic":"ui_car/p_EnemyCar_14.png","car_gun":-1},"18":{"enemyCarId":18,"enemyCarname":"普通小怪15","hp_ercentages":1,"hp_ercentages_type":1,"cartype":1,"attack":-1,"attack_grow":-1,"missile":-1,"putLv":0,"show_part":"0,100","show_chance":10,"car_pic":"ui_car/p_EnemyCar_15.png","car_gun":-1},"19":{"enemyCarId":19,"enemyCarname":"普通小怪16","hp_ercentages":1,"hp_ercentages_type":1,"cartype":1,"attack":-1,"attack_grow":-1,"missile":-1,"putLv":0,"show_part":"0,100","show_chance":10,"car_pic":"ui_car/p_EnemyCar_16.png","car_gun":-1},"20":{"enemyCarId":20,"enemyCarname":"普通小怪17","hp_ercentages":1,"hp_ercentages_type":1,"cartype":1,"attack":-1,"attack_grow":-1,"missile":-1,"putLv":0,"show_part":"0,100","show_chance":10,"car_pic":"ui_car/p_EnemyCar_17.png","car_gun":-1},"21":{"enemyCarId":21,"enemyCarname":"普通小怪18","hp_ercentages":1,"hp_ercentages_type":1,"cartype":1,"attack":-1,"attack_grow":-1,"missile":-1,"putLv":0,"show_part":"0,100","show_chance":10,"car_pic":"ui_car/p_EnemyCar_18.png","car_gun":-1},"22":{"enemyCarId":22,"enemyCarname":"普通小怪19","hp_ercentages":1,"hp_ercentages_type":1,"cartype":1,"attack":-1,"attack_grow":-1,"missile":-1,"putLv":0,"show_part":"0,100","show_chance":10,"car_pic":"ui_car/p_EnemyCar_19.png","car_gun":-1},"23":{"enemyCarId":23,"enemyCarname":"普通小怪20","hp_ercentages":1,"hp_ercentages_type":1,"cartype":1,"attack":-1,"attack_grow":-1,"missile":-1,"putLv":0,"show_part":"0,100","show_chance":10,"car_pic":"ui_car/p_EnemyCar_20.png","car_gun":-1},"24":{"enemyCarId":24,"enemyCarname":"普通小怪21","hp_ercentages":1,"hp_ercentages_type":1,"cartype":1,"attack":-1,"attack_grow":-1,"missile":-1,"putLv":0,"show_part":"0,100","show_chance":10,"car_pic":"ui_car/p_EnemyCar_21.png","car_gun":-1},"25":{"enemyCarId":25,"enemyCarname":"普通小怪22","hp_ercentages":1,"hp_ercentages_type":1,"cartype":1,"attack":-1,"attack_grow":-1,"missile":-1,"putLv":0,"show_part":"0,100","show_chance":10,"car_pic":"ui_car/p_EnemyCar_22.png","car_gun":-1},"26":{"enemyCarId":26,"enemyCarname":"普通小怪23","hp_ercentages":1,"hp_ercentages_type":1,"cartype":1,"attack":-1,"attack_grow":-1,"missile":-1,"putLv":0,"show_part":"0,100","show_chance":10,"car_pic":"ui_car/p_EnemyCar_23.png","car_gun":-1},"27":{"enemyCarId":27,"enemyCarname":"普通小怪24","hp_ercentages":1,"hp_ercentages_type":1,"cartype":1,"attack":-1,"attack_grow":-1,"missile":-1,"putLv":0,"show_part":"0,100","show_chance":10,"car_pic":"ui_car/p_EnemyCar_24.png","car_gun":-1},"28":{"enemyCarId":28,"enemyCarname":"普通小怪25","hp_ercentages":1,"hp_ercentages_type":1,"cartype":1,"attack":-1,"attack_grow":-1,"missile":-1,"putLv":0,"show_part":"0,100","show_chance":10,"car_pic":"ui_car/p_EnemyCar_25.png","car_gun":-1},"29":{"enemyCarId":29,"enemyCarname":"普通小怪26","hp_ercentages":1,"hp_ercentages_type":1,"cartype":1,"attack":-1,"attack_grow":-1,"missile":-1,"putLv":0,"show_part":"0,100","show_chance":10,"car_pic":"ui_car/p_EnemyCar_26.png","car_gun":-1},"30":{"enemyCarId":30,"enemyCarname":"普通小怪27","hp_ercentages":1,"hp_ercentages_type":1,"cartype":1,"attack":-1,"attack_grow":-1,"missile":-1,"putLv":0,"show_part":"0,100","show_chance":10,"car_pic":"ui_car/p_EnemyCar_27.png","car_gun":-1},"31":{"enemyCarId":31,"enemyCarname":"普通小怪28","hp_ercentages":1,"hp_ercentages_type":1,"cartype":1,"attack":-1,"attack_grow":-1,"missile":-1,"putLv":0,"show_part":"0,100","show_chance":10,"car_pic":"ui_car/p_EnemyCar_28.png","car_gun":-1},"32":{"enemyCarId":32,"enemyCarname":"普通小怪29","hp_ercentages":1,"hp_ercentages_type":1,"cartype":1,"attack":-1,"attack_grow":-1,"missile":-1,"putLv":0,"show_part":"0,100","show_chance":10,"car_pic":"ui_car/p_EnemyCar_29.png","car_gun":-1},"33":{"enemyCarId":33,"enemyCarname":"普通小怪30","hp_ercentages":1,"hp_ercentages_type":1,"cartype":1,"attack":-1,"attack_grow":-1,"missile":-1,"putLv":0,"show_part":"0,100","show_chance":10,"car_pic":"ui_car/p_EnemyCar_30.png","car_gun":-1},"34":{"enemyCarId":34,"enemyCarname":"普通小怪31","hp_ercentages":1,"hp_ercentages_type":1,"cartype":1,"attack":-1,"attack_grow":-1,"missile":-1,"putLv":0,"show_part":"0,100","show_chance":10,"car_pic":"ui_car/p_EnemyCar_31.png","car_gun":-1},"35":{"enemyCarId":35,"enemyCarname":"普通小怪32","hp_ercentages":1,"hp_ercentages_type":1,"cartype":1,"attack":-1,"attack_grow":-1,"missile":-1,"putLv":0,"show_part":"0,100","show_chance":10,"car_pic":"ui_car/p_EnemyCar_32.png","car_gun":-1},"36":{"enemyCarId":36,"enemyCarname":"油罐车","hp_ercentages":1,"hp_ercentages_type":1,"cartype":5,"attack":-1,"attack_grow":-1,"missile":-1,"putLv":0,"show_part":"0,100","show_chance":10,"car_pic":"ui_car/p_EnemyCar_35.png","car_gun":-1},"37":{"enemyCarId":37,"enemyCarname":"血包车","hp_ercentages":1,"hp_ercentages_type":1,"cartype":6,"attack":-1,"attack_grow":-1,"missile":-1,"putLv":0,"show_part":"0,100","show_chance":10,"car_pic":"ui_car/p_EnemyCar_36.png","car_gun":-1},"38":{"enemyCarId":38,"enemyCarname":"运钞车","hp_ercentages":1,"hp_ercentages_type":1,"cartype":7,"attack":-1,"attack_grow":-1,"missile":-1,"putLv":0,"show_part":"0,100","show_chance":10,"car_pic":"ui_car/p_EnemyCar_37.png","car_gun":-1}},"fanPai_config":{"1":{"id":1,"des":"大量金币","path":"ui_game/ui_icon_golds.png","type":1,"award_type":1,"changce":1,"award":[[15,0.5],[25,0.34],[40,0.25],[50,0.17]]},"2":{"id":2,"des":"大量钞票","path":"ui_game/game_dollar.png","type":2,"award_type":2,"changce":1,"award":1000},"3":{"id":3,"des":"大量钻石","path":"ui_game/rotary_icon_4.png","type":3,"award_type":1,"changce":0.5,"award":[[15,0.5],[25,0.34],[40,0.25],[50,0.17]]},"4":{"id":4,"des":"豪华车","path":"","type":4,"award_type":3,"changce":0.5,"award":[[15,0],[25,1],[40,2],[50,3]]}}}