[{"can_play":1,"is_show":1,"red_point":1,"icon_interval":10,"icon_id":"1401","icon_url":["https://myqn.nalrer.cn/Moyu/quanmzc/导流/newicon.png"],"banner_url":["https://3dqn.nalrer.cn/ty3d/wxgame/plank/daoliu/tiantiandaqie/qie.jpg"],"icon_weight":10,"icon_type":1,"icon_skip_type":1,"time_interval":0,"second_toappid":"","toappid":"wx5ccfc6254aef8bfb","togame":"mzfc","gameName":"拇指飞车","type":0,"path":"?togame=mzfc&from=qmzc","province":[],"webpages":[{"webpage_url":"https://3dqn.nalrer.cn/ty3d/wxgame/plank/daoliu/muzhifeiche/muzhi.png","webpage_name":"拇指飞车落地页","webpage_weight":"10","webpage_id":"582","config_id":"1392582"}]},{"can_play":1,"is_show":1,"red_point":0,"icon_interval":10,"icon_id":"1510","icon_url":["https://myqn.nalrer.cn/Moyu/quanmzc/导流/qmdqs2.png"],"banner_url":["https://3dqn.nalrer.cn/ty3d/wxgame/plank/daoliu/guocheche/banner1.jpg"],"icon_weight":10,"icon_type":1,"icon_skip_type":1,"time_interval":0,"second_toappid":"","toappid":"wx0b27f42832b6f9aa","togame":"qmdqs","gameName":"全民当枪神","type":0,"path":"?togame=zdhj&channel=zdhj&from=qmzc","province":[],"webpages":[{"webpage_url":"https://3dqn.nalrer.cn/ty3d/wxgame/plank/daoliu/muzhifeiche/muzhi.png","webpage_name":"拇指飞车落地页","webpage_weight":"10","webpage_id":"582","config_id":"1510582"}]},{"can_play":0,"is_show":1,"red_point":0,"icon_interval":10,"icon_id":"1189","icon_url":["https://myqn.nalrer.cn/Moyu/quanmzc/导流/cjjlq.png"],"banner_url":["https://3dqn.nalrer.cn/ty3d/wxgame/plank/daoliu/qiangshoulaile/qsllpage.png"],"icon_weight":10,"icon_type":1,"icon_skip_type":1,"time_interval":0,"second_toappid":"","toappid":"wx52966cd958bcd65b","togame":"jlq","gameName":"超级精灵球","type":1,"path":"pages/index/index?Ads=tuyou&AdsPos=jpzc  ","province":[],"webpages":[{"webpage_url":"https://3dqn.nalrer.cn/ty3d/wxgame/plank/daoliu/qiangshoulaile/qsllpage.png","webpage_name":"枪手来了落地页","webpage_weight":"10","webpage_id":"574","config_id":"1189574"}]},{"can_play":1,"is_show":1,"red_point":0,"icon_interval":10,"icon_id":"1520","icon_url":["https://myqn.nalrer.cn/Moyu/quanmzc/导流/sxlzc.png"],"banner_url":["https://3dqn.nalrer.cn/ty3d/wxgame/plank/daoliu/guocheche/banner1.jpg"],"icon_weight":10,"icon_type":1,"icon_skip_type":1,"time_interval":0,"second_toappid":"","toappid":"wxc3dcadbe1f96e539","togame":"sxlzc","gameName":"神仙找茬","type":0,"path":"?togame=sxlzc&from=qmzc","province":[],"webpages":[{"webpage_url":"https://3dqn.nalrer.cn/ty3d/wxgame/plank/daoliu/muzhifeiche/muzhi.png","webpage_name":"拇指飞车落地页","webpage_weight":"10","webpage_id":"582","config_id":"1510582"}]},{"can_play":0,"is_show":1,"red_point":1,"icon_interval":10,"icon_id":"1392","icon_url":["https://myqn.nalrer.cn/Moyu/quanmzc/导流/jianjue.png"],"banner_url":["https://3dqn.nalrer.cn/ty3d/wxgame/plank/daoliu/tiantiandaqie/qie.jpg"],"icon_weight":10,"icon_type":1,"icon_skip_type":1,"time_interval":0,"second_toappid":"","toappid":"wx0fb6efb3dc8674a7","togame":"hlsg","gameName":"剑决天下","type":1,"path":"?chid=15101&subchid=151jjzc","province":[],"webpages":[{"webpage_url":"https://3dqn.nalrer.cn/ty3d/wxgame/plank/daoliu/muzhifeiche/muzhi.png","webpage_name":"拇指飞车落地页","webpage_weight":"10","webpage_id":"582","config_id":"1392582"}]},{"can_play":0,"is_show":1,"red_point":0,"icon_interval":10,"icon_id":"1190","icon_url":["https://myqn.nalrer.cn/Moyu/quanmzc/导流/qiyue.png"],"banner_url":["https://3dqn.nalrer.cn/ty3d/wxgame/plank/daoliu/damuban/banner1.jpg"],"icon_weight":10,"icon_type":1,"icon_skip_type":1,"time_interval":0,"second_toappid":"","toappid":"wx9ae93cdd1af85a6a","togame":"mhqy","gameName":"梦幻契约","type":1,"path":"path=index?tid=Y3Wcfp_qOK7N3","province":[],"webpages":[{"webpage_url":"https://3dqn.nalrer.cn/ty3d/wxgame/plank/daoliu/damuban/damubanluodiye.png","webpage_name":"搭木板落地页","webpage_weight":"10","webpage_id":"575","config_id":"1190575"}]},{"can_play":0,"is_show":1,"red_point":1,"icon_interval":10,"icon_id":"1197","icon_url":["https://myqn.nalrer.cn/Moyu/quanmzc/导流/wangguo.png"],"banner_url":["https://3dqn.nalrer.cn/ty3d/wxgame/plank/daoliu/muzhifeiche/banner1.jpg"],"icon_weight":10,"icon_type":1,"icon_skip_type":1,"time_interval":0,"second_toappid":"","toappid":"wx656cf75188e899bf","togame":"wgwd","gameName":"王国无敌","type":1,"path":"?togame=wgwd&from=qmzc","province":[],"webpages":[{"webpage_url":"https://3dqn.nalrer.cn/ty3d/wxgame/plank/daoliu/muzhifeiche/muzhi.png","webpage_name":"拇指飞车落地页","webpage_weight":"10","webpage_id":"582","config_id":"1197582"}]},{"can_play":0,"is_show":1,"red_point":0,"icon_interval":10,"icon_id":"1427","icon_url":["https://myqn.nalrer.cn/Moyu/quanmzc/导流/snfs.png"],"banner_url":["https://3dqn.nalrer.cn/ty3d/wxgame/plank/daoliu/chuanqilaile/chuanqilaile.png"],"icon_weight":10,"icon_type":1,"icon_skip_type":1,"time_interval":0,"second_toappid":"","toappid":"wxe5b35ce8504d73eb","togame":"snfengshen","gameName":"少年封神","type":1,"path":"?chid=06901&subchid=069jpzc","province":[],"webpages":[{"webpage_url":"https://3dqn.nalrer.cn/ty3d/wxgame/plank/daoliu/chuanqilaile/chuanqilaile.png","webpage_name":"传奇来了落地页","webpage_weight":"10","webpage_id":"687","config_id":"1427687"}]},{"can_play":1,"is_show":1,"red_point":0,"icon_interval":10,"icon_id":"1189","icon_url":["https://myqn.nalrer.cn/Moyu/quanmzc/导流/wssg.png"],"banner_url":["https://3dqn.nalrer.cn/ty3d/wxgame/plank/daoliu/qiangshoulaile/qsllpage.png"],"icon_weight":10,"icon_type":1,"icon_skip_type":1,"time_interval":0,"second_toappid":"","toappid":"wx59c55de8500949d8","togame":"wssg","gameName":"武圣三国","type":0,"path":"?togame=wusheng&channel=tuyoo2&from=qmzc","province":[],"webpages":[{"webpage_url":"https://3dqn.nalrer.cn/ty3d/wxgame/plank/daoliu/qiangshoulaile/qsllpage.png","webpage_name":"枪手来了落地页","webpage_weight":"10","webpage_id":"574","config_id":"1189574"}]},{"can_play":1,"is_show":1,"red_point":1,"icon_interval":10,"icon_id":"1392","icon_url":["https://myqn.nalrer.cn/Moyu/quanmzc/导流/sgfz.png"],"banner_url":["https://3dqn.nalrer.cn/ty3d/wxgame/plank/daoliu/tiantiandaqie/qie.jpg"],"icon_weight":10,"icon_type":1,"icon_skip_type":1,"time_interval":0,"second_toappid":"","toappid":"wxbd7b1f3b8910a753","togame":"sgzb","gameName":"三国纷争","type":0,"path":"?togame=sgzb&from=qmzc","province":[],"webpages":[{"webpage_url":"https://3dqn.nalrer.cn/ty3d/wxgame/plank/daoliu/muzhifeiche/muzhi.png","webpage_name":"拇指飞车落地页","webpage_weight":"10","webpage_id":"582","config_id":"1392582"}]}]