{"1":{"1":{"Id":1,"Lv":1,"period":1,"Dps":5,"showTips":15,"BulletNumber":1,"FireFrequency":300,"Model":"ui_aircraft/p_aircarft_1.png","Coin":60,"Bullet":11,"unlocking":40,"type":1,"english":"gun","name":"机枪"},"2":{"Id":2,"Lv":2,"period":1,"Dps":6,"showTips":18,"BulletNumber":"","FireFrequency":"","Model":"","Coin":100,"Bullet":"","unlocking":"","type":"","english":"","name":""},"3":{"Id":3,"Lv":3,"period":1,"Dps":7,"showTips":21,"BulletNumber":"","FireFrequency":"","Model":"","Coin":160,"Bullet":"","unlocking":"","type":"","english":"","name":""},"4":{"Id":4,"Lv":4,"period":1,"Dps":8,"showTips":24,"BulletNumber":"","FireFrequency":"","Model":"","Coin":240,"Bullet":"","unlocking":"","type":"","english":"","name":""},"5":{"Id":5,"Lv":5,"period":1,"Dps":9,"showTips":27,"BulletNumber":"","FireFrequency":"","Model":"","Coin":340,"Bullet":"","unlocking":"","type":"","english":"","name":""},"6":{"Id":6,"Lv":6,"period":1,"Dps":10,"showTips":30,"BulletNumber":"","FireFrequency":"","Model":"","Coin":460,"Bullet":"","unlocking":"","type":"","english":"","name":""},"7":{"Id":7,"Lv":7,"period":1,"Dps":11,"showTips":33,"BulletNumber":"","FireFrequency":"","Model":"","Coin":600,"Bullet":"","unlocking":"","type":"","english":"","name":""},"8":{"Id":8,"Lv":8,"period":1,"Dps":12,"showTips":36,"BulletNumber":"","FireFrequency":"","Model":"","Coin":760,"Bullet":"","unlocking":"","type":"","english":"","name":""},"9":{"Id":9,"Lv":9,"period":1,"Dps":13,"showTips":39,"BulletNumber":"","FireFrequency":"","Model":"","Coin":940,"Bullet":"","unlocking":"","type":"","english":"","name":""},"10":{"Id":10,"Lv":10,"period":1,"Dps":14,"showTips":42,"BulletNumber":"","FireFrequency":"","Model":"","Coin":1140,"Bullet":"","unlocking":"","type":"","english":"","name":""},"11":{"Id":11,"Lv":11,"period":1,"Dps":15,"showTips":45,"BulletNumber":"","FireFrequency":"","Model":"","Coin":1360,"Bullet":"","unlocking":"","type":"","english":"","name":""},"12":{"Id":12,"Lv":12,"period":1,"Dps":16,"showTips":48,"BulletNumber":"","FireFrequency":"","Model":"","Coin":1600,"Bullet":"","unlocking":"","type":"","english":"","name":""},"13":{"Id":13,"Lv":13,"period":1,"Dps":17,"showTips":51,"BulletNumber":"","FireFrequency":"","Model":"","Coin":1860,"Bullet":"","unlocking":"","type":"","english":"","name":""},"14":{"Id":14,"Lv":14,"period":1,"Dps":18,"showTips":54,"BulletNumber":"","FireFrequency":"","Model":"","Coin":2140,"Bullet":"","unlocking":"","type":"","english":"","name":""},"15":{"Id":15,"Lv":15,"period":1,"Dps":19,"showTips":57,"BulletNumber":"","FireFrequency":"","Model":"","Coin":2440,"Bullet":"","unlocking":"","type":"","english":"","name":""},"16":{"Id":16,"Lv":16,"period":1,"Dps":20,"showTips":60,"BulletNumber":"","FireFrequency":"","Model":"","Coin":2760,"Bullet":"","unlocking":"","type":"","english":"","name":""},"17":{"Id":17,"Lv":17,"period":1,"Dps":21,"showTips":63,"BulletNumber":"","FireFrequency":"","Model":"","Coin":3100,"Bullet":"","unlocking":"","type":"","english":"","name":""},"18":{"Id":18,"Lv":18,"period":1,"Dps":23,"showTips":69,"BulletNumber":"","FireFrequency":"","Model":"","Coin":3460,"Bullet":"","unlocking":"","type":"","english":"","name":""},"19":{"Id":19,"Lv":19,"period":1,"Dps":25,"showTips":75,"BulletNumber":"","FireFrequency":"","Model":"","Coin":3840,"Bullet":"","unlocking":"","type":"","english":"","name":""},"20":{"Id":20,"Lv":20,"period":1,"Dps":27,"showTips":81,"BulletNumber":"","FireFrequency":"","Model":"","Coin":4240,"Bullet":"","unlocking":"","type":"","english":"","name":""},"21":{"Id":21,"Lv":21,"period":2,"Dps":31,"showTips":93,"BulletNumber":"","FireFrequency":"","Model":"","Coin":4660,"Bullet":"","unlocking":"","type":"","english":"","name":""},"22":{"Id":22,"Lv":22,"period":2,"Dps":35,"showTips":105,"BulletNumber":"","FireFrequency":"","Model":"","Coin":5100,"Bullet":"","unlocking":"","type":"","english":"","name":""},"23":{"Id":23,"Lv":23,"period":2,"Dps":39,"showTips":117,"BulletNumber":"","FireFrequency":"","Model":"","Coin":5560,"Bullet":"","unlocking":"","type":"","english":"","name":""},"24":{"Id":24,"Lv":24,"period":2,"Dps":43,"showTips":129,"BulletNumber":"","FireFrequency":"","Model":"","Coin":6040,"Bullet":"","unlocking":"","type":"","english":"","name":""},"25":{"Id":25,"Lv":25,"period":2,"Dps":47,"showTips":141,"BulletNumber":"","FireFrequency":"","Model":"","Coin":6540,"Bullet":"","unlocking":"","type":"","english":"","name":""},"26":{"Id":26,"Lv":26,"period":2,"Dps":51,"showTips":153,"BulletNumber":"","FireFrequency":"","Model":"","Coin":7060,"Bullet":"","unlocking":"","type":"","english":"","name":""},"27":{"Id":27,"Lv":27,"period":2,"Dps":55,"showTips":165,"BulletNumber":"","FireFrequency":"","Model":"","Coin":7600,"Bullet":"","unlocking":"","type":"","english":"","name":""},"28":{"Id":28,"Lv":28,"period":2,"Dps":59,"showTips":177,"BulletNumber":"","FireFrequency":"","Model":"","Coin":8160,"Bullet":"","unlocking":"","type":"","english":"","name":""},"29":{"Id":29,"Lv":29,"period":2,"Dps":63,"showTips":189,"BulletNumber":"","FireFrequency":"","Model":"","Coin":8740,"Bullet":"","unlocking":"","type":"","english":"","name":""},"30":{"Id":30,"Lv":30,"period":2,"Dps":67,"showTips":201,"BulletNumber":"","FireFrequency":"","Model":"","Coin":9340,"Bullet":"","unlocking":"","type":"","english":"","name":""},"31":{"Id":31,"Lv":31,"period":2,"Dps":71,"showTips":213,"BulletNumber":"","FireFrequency":"","Model":"","Coin":9960,"Bullet":"","unlocking":"","type":"","english":"","name":""},"32":{"Id":32,"Lv":32,"period":2,"Dps":75,"showTips":225,"BulletNumber":"","FireFrequency":"","Model":"","Coin":10600,"Bullet":"","unlocking":"","type":"","english":"","name":""},"33":{"Id":33,"Lv":33,"period":2,"Dps":79,"showTips":237,"BulletNumber":"","FireFrequency":"","Model":"","Coin":11260,"Bullet":"","unlocking":"","type":"","english":"","name":""},"34":{"Id":34,"Lv":34,"period":2,"Dps":83,"showTips":249,"BulletNumber":"","FireFrequency":"","Model":"","Coin":11940,"Bullet":"","unlocking":"","type":"","english":"","name":""},"35":{"Id":35,"Lv":35,"period":2,"Dps":87,"showTips":261,"BulletNumber":"","FireFrequency":"","Model":"","Coin":12640,"Bullet":"","unlocking":"","type":"","english":"","name":""},"36":{"Id":36,"Lv":36,"period":2,"Dps":91,"showTips":273,"BulletNumber":"","FireFrequency":"","Model":"","Coin":13360,"Bullet":"","unlocking":"","type":"","english":"","name":""},"37":{"Id":37,"Lv":37,"period":2,"Dps":95,"showTips":285,"BulletNumber":"","FireFrequency":"","Model":"","Coin":14100,"Bullet":"","unlocking":"","type":"","english":"","name":""},"38":{"Id":38,"Lv":38,"period":2,"Dps":101,"showTips":303,"BulletNumber":"","FireFrequency":"","Model":"","Coin":14860,"Bullet":"","unlocking":"","type":"","english":"","name":""},"39":{"Id":39,"Lv":39,"period":2,"Dps":107,"showTips":321,"BulletNumber":"","FireFrequency":"","Model":"","Coin":15640,"Bullet":"","unlocking":"","type":"","english":"","name":""},"40":{"Id":40,"Lv":40,"period":2,"Dps":113,"showTips":339,"BulletNumber":"","FireFrequency":"","Model":"","Coin":16440,"Bullet":"","unlocking":"","type":"","english":"","name":""},"41":{"Id":41,"Lv":41,"period":3,"Dps":122,"showTips":366,"BulletNumber":"","FireFrequency":"","Model":"","Coin":17260,"Bullet":"","unlocking":"","type":"","english":"","name":""},"42":{"Id":42,"Lv":42,"period":3,"Dps":131,"showTips":393,"BulletNumber":"","FireFrequency":"","Model":"","Coin":18100,"Bullet":"","unlocking":"","type":"","english":"","name":""},"43":{"Id":43,"Lv":43,"period":3,"Dps":140,"showTips":420,"BulletNumber":"","FireFrequency":"","Model":"","Coin":18960,"Bullet":"","unlocking":"","type":"","english":"","name":""},"44":{"Id":44,"Lv":44,"period":3,"Dps":149,"showTips":447,"BulletNumber":"","FireFrequency":"","Model":"","Coin":19840,"Bullet":"","unlocking":"","type":"","english":"","name":""},"45":{"Id":45,"Lv":45,"period":3,"Dps":158,"showTips":474,"BulletNumber":"","FireFrequency":"","Model":"","Coin":20740,"Bullet":"","unlocking":"","type":"","english":"","name":""},"46":{"Id":46,"Lv":46,"period":3,"Dps":167,"showTips":501,"BulletNumber":"","FireFrequency":"","Model":"","Coin":21660,"Bullet":"","unlocking":"","type":"","english":"","name":""},"47":{"Id":47,"Lv":47,"period":3,"Dps":176,"showTips":528,"BulletNumber":"","FireFrequency":"","Model":"","Coin":22600,"Bullet":"","unlocking":"","type":"","english":"","name":""},"48":{"Id":48,"Lv":48,"period":3,"Dps":185,"showTips":555,"BulletNumber":"","FireFrequency":"","Model":"","Coin":23560,"Bullet":"","unlocking":"","type":"","english":"","name":""},"49":{"Id":49,"Lv":49,"period":3,"Dps":194,"showTips":582,"BulletNumber":"","FireFrequency":"","Model":"","Coin":24540,"Bullet":"","unlocking":"","type":"","english":"","name":""},"50":{"Id":50,"Lv":50,"period":3,"Dps":203,"showTips":609,"BulletNumber":"","FireFrequency":"","Model":"","Coin":25540,"Bullet":"","unlocking":"","type":"","english":"","name":""},"51":{"Id":51,"Lv":51,"period":3,"Dps":212,"showTips":636,"BulletNumber":"","FireFrequency":"","Model":"","Coin":26560,"Bullet":"","unlocking":"","type":"","english":"","name":""},"52":{"Id":52,"Lv":52,"period":3,"Dps":221,"showTips":663,"BulletNumber":"","FireFrequency":"","Model":"","Coin":27600,"Bullet":"","unlocking":"","type":"","english":"","name":""},"53":{"Id":53,"Lv":53,"period":3,"Dps":230,"showTips":690,"BulletNumber":"","FireFrequency":"","Model":"","Coin":28660,"Bullet":"","unlocking":"","type":"","english":"","name":""},"54":{"Id":54,"Lv":54,"period":3,"Dps":239,"showTips":717,"BulletNumber":"","FireFrequency":"","Model":"","Coin":29740,"Bullet":"","unlocking":"","type":"","english":"","name":""},"55":{"Id":55,"Lv":55,"period":3,"Dps":248,"showTips":744,"BulletNumber":"","FireFrequency":"","Model":"","Coin":30840,"Bullet":"","unlocking":"","type":"","english":"","name":""},"56":{"Id":56,"Lv":56,"period":3,"Dps":257,"showTips":771,"BulletNumber":"","FireFrequency":"","Model":"","Coin":31960,"Bullet":"","unlocking":"","type":"","english":"","name":""},"57":{"Id":57,"Lv":57,"period":3,"Dps":266,"showTips":798,"BulletNumber":"","FireFrequency":"","Model":"","Coin":33100,"Bullet":"","unlocking":"","type":"","english":"","name":""},"58":{"Id":58,"Lv":58,"period":3,"Dps":275,"showTips":825,"BulletNumber":"","FireFrequency":"","Model":"","Coin":34260,"Bullet":"","unlocking":"","type":"","english":"","name":""},"59":{"Id":59,"Lv":59,"period":3,"Dps":284,"showTips":852,"BulletNumber":"","FireFrequency":"","Model":"","Coin":35440,"Bullet":"","unlocking":"","type":"","english":"","name":""},"60":{"Id":60,"Lv":60,"period":3,"Dps":293,"showTips":879,"BulletNumber":"","FireFrequency":"","Model":"","Coin":36640,"Bullet":"","unlocking":"","type":"","english":"","name":""},"61":{"Id":61,"Lv":61,"period":3,"Dps":302,"showTips":906,"BulletNumber":"","FireFrequency":"","Model":"","Coin":37860,"Bullet":"","unlocking":"","type":"","english":"","name":""},"62":{"Id":62,"Lv":62,"period":3,"Dps":311,"showTips":933,"BulletNumber":"","FireFrequency":"","Model":"","Coin":39100,"Bullet":"","unlocking":"","type":"","english":"","name":""},"63":{"Id":63,"Lv":63,"period":3,"Dps":320,"showTips":960,"BulletNumber":"","FireFrequency":"","Model":"","Coin":40360,"Bullet":"","unlocking":"","type":"","english":"","name":""},"64":{"Id":64,"Lv":64,"period":3,"Dps":329,"showTips":987,"BulletNumber":"","FireFrequency":"","Model":"","Coin":41640,"Bullet":"","unlocking":"","type":"","english":"","name":""},"65":{"Id":65,"Lv":65,"period":3,"Dps":338,"showTips":1014,"BulletNumber":"","FireFrequency":"","Model":"","Coin":42940,"Bullet":"","unlocking":"","type":"","english":"","name":""},"66":{"Id":66,"Lv":66,"period":3,"Dps":347,"showTips":1041,"BulletNumber":"","FireFrequency":"","Model":"","Coin":44260,"Bullet":"","unlocking":"","type":"","english":"","name":""},"67":{"Id":67,"Lv":67,"period":3,"Dps":356,"showTips":1068,"BulletNumber":"","FireFrequency":"","Model":"","Coin":45600,"Bullet":"","unlocking":"","type":"","english":"","name":""},"68":{"Id":68,"Lv":68,"period":3,"Dps":365,"showTips":1095,"BulletNumber":"","FireFrequency":"","Model":"","Coin":46960,"Bullet":"","unlocking":"","type":"","english":"","name":""},"69":{"Id":69,"Lv":69,"period":3,"Dps":374,"showTips":1122,"BulletNumber":"","FireFrequency":"","Model":"","Coin":48340,"Bullet":"","unlocking":"","type":"","english":"","name":""},"70":{"Id":70,"Lv":70,"period":3,"Dps":383,"showTips":1149,"BulletNumber":"","FireFrequency":"","Model":"","Coin":49740,"Bullet":"","unlocking":"","type":"","english":"","name":""},"71":{"Id":71,"Lv":71,"period":3,"Dps":392,"showTips":1176,"BulletNumber":"","FireFrequency":"","Model":"","Coin":51160,"Bullet":"","unlocking":"","type":"","english":"","name":""},"72":{"Id":72,"Lv":72,"period":3,"Dps":401,"showTips":1203,"BulletNumber":"","FireFrequency":"","Model":"","Coin":52600,"Bullet":"","unlocking":"","type":"","english":"","name":""},"73":{"Id":73,"Lv":73,"period":3,"Dps":410,"showTips":1230,"BulletNumber":"","FireFrequency":"","Model":"","Coin":54060,"Bullet":"","unlocking":"","type":"","english":"","name":""},"74":{"Id":74,"Lv":74,"period":3,"Dps":419,"showTips":1257,"BulletNumber":"","FireFrequency":"","Model":"","Coin":55540,"Bullet":"","unlocking":"","type":"","english":"","name":""},"75":{"Id":75,"Lv":75,"period":3,"Dps":428,"showTips":1284,"BulletNumber":"","FireFrequency":"","Model":"","Coin":57040,"Bullet":"","unlocking":"","type":"","english":"","name":""},"76":{"Id":76,"Lv":76,"period":3,"Dps":437,"showTips":1311,"BulletNumber":"","FireFrequency":"","Model":"","Coin":58560,"Bullet":"","unlocking":"","type":"","english":"","name":""},"77":{"Id":77,"Lv":77,"period":3,"Dps":446,"showTips":1338,"BulletNumber":"","FireFrequency":"","Model":"","Coin":60100,"Bullet":"","unlocking":"","type":"","english":"","name":""},"78":{"Id":78,"Lv":78,"period":3,"Dps":455,"showTips":1365,"BulletNumber":"","FireFrequency":"","Model":"","Coin":61660,"Bullet":"","unlocking":"","type":"","english":"","name":""},"79":{"Id":79,"Lv":79,"period":3,"Dps":464,"showTips":1392,"BulletNumber":"","FireFrequency":"","Model":"","Coin":63240,"Bullet":"","unlocking":"","type":"","english":"","name":""},"80":{"Id":80,"Lv":80,"period":3,"Dps":473,"showTips":1419,"BulletNumber":"","FireFrequency":"","Model":"","Coin":64840,"Bullet":"","unlocking":"","type":"","english":"","name":""},"81":{"Id":81,"Lv":81,"period":3,"Dps":482,"showTips":1446,"BulletNumber":"","FireFrequency":"","Model":"","Coin":66460,"Bullet":"","unlocking":"","type":"","english":"","name":""},"82":{"Id":82,"Lv":82,"period":3,"Dps":491,"showTips":1473,"BulletNumber":"","FireFrequency":"","Model":"","Coin":68100,"Bullet":"","unlocking":"","type":"","english":"","name":""},"83":{"Id":83,"Lv":83,"period":3,"Dps":500,"showTips":1500,"BulletNumber":"","FireFrequency":"","Model":"","Coin":69760,"Bullet":"","unlocking":"","type":"","english":"","name":""},"84":{"Id":84,"Lv":84,"period":3,"Dps":509,"showTips":1527,"BulletNumber":"","FireFrequency":"","Model":"","Coin":71440,"Bullet":"","unlocking":"","type":"","english":"","name":""},"85":{"Id":85,"Lv":85,"period":3,"Dps":518,"showTips":1554,"BulletNumber":"","FireFrequency":"","Model":"","Coin":73140,"Bullet":"","unlocking":"","type":"","english":"","name":""},"86":{"Id":86,"Lv":86,"period":3,"Dps":527,"showTips":1581,"BulletNumber":"","FireFrequency":"","Model":"","Coin":74860,"Bullet":"","unlocking":"","type":"","english":"","name":""},"87":{"Id":87,"Lv":87,"period":3,"Dps":536,"showTips":1608,"BulletNumber":"","FireFrequency":"","Model":"","Coin":76600,"Bullet":"","unlocking":"","type":"","english":"","name":""},"88":{"Id":88,"Lv":88,"period":3,"Dps":545,"showTips":1635,"BulletNumber":"","FireFrequency":"","Model":"","Coin":78360,"Bullet":"","unlocking":"","type":"","english":"","name":""},"89":{"Id":89,"Lv":89,"period":3,"Dps":554,"showTips":1662,"BulletNumber":"","FireFrequency":"","Model":"","Coin":80140,"Bullet":"","unlocking":"","type":"","english":"","name":""},"90":{"Id":90,"Lv":90,"period":3,"Dps":563,"showTips":1689,"BulletNumber":"","FireFrequency":"","Model":"","Coin":81940,"Bullet":"","unlocking":"","type":"","english":"","name":""},"91":{"Id":91,"Lv":91,"period":3,"Dps":572,"showTips":1716,"BulletNumber":"","FireFrequency":"","Model":"","Coin":83760,"Bullet":"","unlocking":"","type":"","english":"","name":""},"92":{"Id":92,"Lv":92,"period":3,"Dps":581,"showTips":1743,"BulletNumber":"","FireFrequency":"","Model":"","Coin":85600,"Bullet":"","unlocking":"","type":"","english":"","name":""},"93":{"Id":93,"Lv":93,"period":3,"Dps":590,"showTips":1770,"BulletNumber":"","FireFrequency":"","Model":"","Coin":87460,"Bullet":"","unlocking":"","type":"","english":"","name":""},"94":{"Id":94,"Lv":94,"period":3,"Dps":599,"showTips":1797,"BulletNumber":"","FireFrequency":"","Model":"","Coin":89340,"Bullet":"","unlocking":"","type":"","english":"","name":""},"95":{"Id":95,"Lv":95,"period":3,"Dps":608,"showTips":1824,"BulletNumber":"","FireFrequency":"","Model":"","Coin":91240,"Bullet":"","unlocking":"","type":"","english":"","name":""},"96":{"Id":96,"Lv":96,"period":3,"Dps":617,"showTips":1851,"BulletNumber":"","FireFrequency":"","Model":"","Coin":93160,"Bullet":"","unlocking":"","type":"","english":"","name":""},"97":{"Id":97,"Lv":97,"period":3,"Dps":626,"showTips":1878,"BulletNumber":"","FireFrequency":"","Model":"","Coin":95100,"Bullet":"","unlocking":"","type":"","english":"","name":""},"98":{"Id":98,"Lv":98,"period":3,"Dps":626,"showTips":1878,"BulletNumber":"","FireFrequency":"","Model":"","Coin":97060,"Bullet":"","unlocking":"","type":"","english":"","name":""},"99":{"Id":99,"Lv":99,"period":3,"Dps":626,"showTips":1878,"BulletNumber":"","FireFrequency":"","Model":"","Coin":99040,"Bullet":"","unlocking":"","type":"","english":"","name":""},"100":{"Id":100,"Lv":100,"period":3,"Dps":626,"showTips":1878,"BulletNumber":"","FireFrequency":"","Model":"","Coin":101040,"Bullet":"","unlocking":"","type":"","english":"","name":""}},"2":{"1":{"Id":1,"Lv":1,"period":1,"Dps":9,"showTips":27,"BulletNumber":3,"FireFrequency":1200,"Model":"ui_aircraft/p_aircarft_3.png","Coin":80,"Bullet":10,"unlocking":70,"type":4,"english":"frisbee","name":"飞盘"},"2":{"Id":2,"Lv":2,"period":1,"Dps":10,"showTips":30,"BulletNumber":"","FireFrequency":"","Model":"","Coin":150,"Bullet":"","unlocking":"","type":"","english":"","name":""},"3":{"Id":3,"Lv":3,"period":1,"Dps":11,"showTips":33,"BulletNumber":"","FireFrequency":"","Model":"","Coin":255,"Bullet":"","unlocking":"","type":"","english":"","name":""},"4":{"Id":4,"Lv":4,"period":1,"Dps":12,"showTips":36,"BulletNumber":"","FireFrequency":"","Model":"","Coin":395,"Bullet":"","unlocking":"","type":"","english":"","name":""},"5":{"Id":5,"Lv":5,"period":1,"Dps":13,"showTips":39,"BulletNumber":"","FireFrequency":"","Model":"","Coin":570,"Bullet":"","unlocking":"","type":"","english":"","name":""},"6":{"Id":6,"Lv":6,"period":1,"Dps":14,"showTips":42,"BulletNumber":"","FireFrequency":"","Model":"","Coin":780,"Bullet":"","unlocking":"","type":"","english":"","name":""},"7":{"Id":7,"Lv":7,"period":1,"Dps":15,"showTips":45,"BulletNumber":"","FireFrequency":"","Model":"","Coin":1025,"Bullet":"","unlocking":"","type":"","english":"","name":""},"8":{"Id":8,"Lv":8,"period":1,"Dps":16,"showTips":48,"BulletNumber":"","FireFrequency":"","Model":"","Coin":1305,"Bullet":"","unlocking":"","type":"","english":"","name":""},"9":{"Id":9,"Lv":9,"period":1,"Dps":17,"showTips":51,"BulletNumber":"","FireFrequency":"","Model":"","Coin":1620,"Bullet":"","unlocking":"","type":"","english":"","name":""},"10":{"Id":10,"Lv":10,"period":1,"Dps":18,"showTips":54,"BulletNumber":"","FireFrequency":"","Model":"","Coin":1970,"Bullet":"","unlocking":"","type":"","english":"","name":""},"11":{"Id":11,"Lv":11,"period":1,"Dps":19,"showTips":57,"BulletNumber":"","FireFrequency":"","Model":"","Coin":2355,"Bullet":"","unlocking":"","type":"","english":"","name":""},"12":{"Id":12,"Lv":12,"period":1,"Dps":20,"showTips":60,"BulletNumber":"","FireFrequency":"","Model":"","Coin":2775,"Bullet":"","unlocking":"","type":"","english":"","name":""},"13":{"Id":13,"Lv":13,"period":1,"Dps":21,"showTips":63,"BulletNumber":"","FireFrequency":"","Model":"","Coin":3230,"Bullet":"","unlocking":"","type":"","english":"","name":""},"14":{"Id":14,"Lv":14,"period":1,"Dps":22,"showTips":66,"BulletNumber":"","FireFrequency":"","Model":"","Coin":3720,"Bullet":"","unlocking":"","type":"","english":"","name":""},"15":{"Id":15,"Lv":15,"period":1,"Dps":23,"showTips":69,"BulletNumber":"","FireFrequency":"","Model":"","Coin":4245,"Bullet":"","unlocking":"","type":"","english":"","name":""},"16":{"Id":16,"Lv":16,"period":1,"Dps":24,"showTips":72,"BulletNumber":"","FireFrequency":"","Model":"","Coin":4805,"Bullet":"","unlocking":"","type":"","english":"","name":""},"17":{"Id":17,"Lv":17,"period":1,"Dps":25,"showTips":75,"BulletNumber":"","FireFrequency":"","Model":"","Coin":5400,"Bullet":"","unlocking":"","type":"","english":"","name":""},"18":{"Id":18,"Lv":18,"period":1,"Dps":27,"showTips":81,"BulletNumber":"","FireFrequency":"","Model":"","Coin":6030,"Bullet":"","unlocking":"","type":"","english":"","name":""},"19":{"Id":19,"Lv":19,"period":1,"Dps":29,"showTips":87,"BulletNumber":"","FireFrequency":"","Model":"","Coin":6695,"Bullet":"","unlocking":"","type":"","english":"","name":""},"20":{"Id":20,"Lv":20,"period":1,"Dps":31,"showTips":93,"BulletNumber":"","FireFrequency":"","Model":"","Coin":7395,"Bullet":"","unlocking":"","type":"","english":"","name":""},"21":{"Id":21,"Lv":21,"period":2,"Dps":35,"showTips":105,"BulletNumber":"","FireFrequency":"","Model":"","Coin":8130,"Bullet":"","unlocking":"","type":"","english":"","name":""},"22":{"Id":22,"Lv":22,"period":2,"Dps":39,"showTips":117,"BulletNumber":"","FireFrequency":"","Model":"","Coin":8900,"Bullet":"","unlocking":"","type":"","english":"","name":""},"23":{"Id":23,"Lv":23,"period":2,"Dps":43,"showTips":129,"BulletNumber":"","FireFrequency":"","Model":"","Coin":9705,"Bullet":"","unlocking":"","type":"","english":"","name":""},"24":{"Id":24,"Lv":24,"period":2,"Dps":47,"showTips":141,"BulletNumber":"","FireFrequency":"","Model":"","Coin":10545,"Bullet":"","unlocking":"","type":"","english":"","name":""},"25":{"Id":25,"Lv":25,"period":2,"Dps":51,"showTips":153,"BulletNumber":"","FireFrequency":"","Model":"","Coin":11420,"Bullet":"","unlocking":"","type":"","english":"","name":""},"26":{"Id":26,"Lv":26,"period":2,"Dps":55,"showTips":165,"BulletNumber":"","FireFrequency":"","Model":"","Coin":12330,"Bullet":"","unlocking":"","type":"","english":"","name":""},"27":{"Id":27,"Lv":27,"period":2,"Dps":59,"showTips":177,"BulletNumber":"","FireFrequency":"","Model":"","Coin":13275,"Bullet":"","unlocking":"","type":"","english":"","name":""},"28":{"Id":28,"Lv":28,"period":2,"Dps":63,"showTips":189,"BulletNumber":"","FireFrequency":"","Model":"","Coin":14255,"Bullet":"","unlocking":"","type":"","english":"","name":""},"29":{"Id":29,"Lv":29,"period":2,"Dps":67,"showTips":201,"BulletNumber":"","FireFrequency":"","Model":"","Coin":15270,"Bullet":"","unlocking":"","type":"","english":"","name":""},"30":{"Id":30,"Lv":30,"period":2,"Dps":71,"showTips":213,"BulletNumber":"","FireFrequency":"","Model":"","Coin":16320,"Bullet":"","unlocking":"","type":"","english":"","name":""},"31":{"Id":31,"Lv":31,"period":2,"Dps":75,"showTips":225,"BulletNumber":"","FireFrequency":"","Model":"","Coin":17405,"Bullet":"","unlocking":"","type":"","english":"","name":""},"32":{"Id":32,"Lv":32,"period":2,"Dps":79,"showTips":237,"BulletNumber":"","FireFrequency":"","Model":"","Coin":18525,"Bullet":"","unlocking":"","type":"","english":"","name":""},"33":{"Id":33,"Lv":33,"period":2,"Dps":83,"showTips":249,"BulletNumber":"","FireFrequency":"","Model":"","Coin":19680,"Bullet":"","unlocking":"","type":"","english":"","name":""},"34":{"Id":34,"Lv":34,"period":2,"Dps":87,"showTips":261,"BulletNumber":"","FireFrequency":"","Model":"","Coin":20870,"Bullet":"","unlocking":"","type":"","english":"","name":""},"35":{"Id":35,"Lv":35,"period":2,"Dps":91,"showTips":273,"BulletNumber":"","FireFrequency":"","Model":"","Coin":22095,"Bullet":"","unlocking":"","type":"","english":"","name":""},"36":{"Id":36,"Lv":36,"period":2,"Dps":95,"showTips":285,"BulletNumber":"","FireFrequency":"","Model":"","Coin":23355,"Bullet":"","unlocking":"","type":"","english":"","name":""},"37":{"Id":37,"Lv":37,"period":2,"Dps":99,"showTips":297,"BulletNumber":"","FireFrequency":"","Model":"","Coin":24650,"Bullet":"","unlocking":"","type":"","english":"","name":""},"38":{"Id":38,"Lv":38,"period":2,"Dps":105,"showTips":315,"BulletNumber":"","FireFrequency":"","Model":"","Coin":25980,"Bullet":"","unlocking":"","type":"","english":"","name":""},"39":{"Id":39,"Lv":39,"period":2,"Dps":111,"showTips":333,"BulletNumber":"","FireFrequency":"","Model":"","Coin":27345,"Bullet":"","unlocking":"","type":"","english":"","name":""},"40":{"Id":40,"Lv":40,"period":2,"Dps":117,"showTips":351,"BulletNumber":"","FireFrequency":"","Model":"","Coin":28745,"Bullet":"","unlocking":"","type":"","english":"","name":""},"41":{"Id":41,"Lv":41,"period":3,"Dps":126,"showTips":378,"BulletNumber":"","FireFrequency":"","Model":"","Coin":30180,"Bullet":"","unlocking":"","type":"","english":"","name":""},"42":{"Id":42,"Lv":42,"period":3,"Dps":135,"showTips":405,"BulletNumber":"","FireFrequency":"","Model":"","Coin":31650,"Bullet":"","unlocking":"","type":"","english":"","name":""},"43":{"Id":43,"Lv":43,"period":3,"Dps":144,"showTips":432,"BulletNumber":"","FireFrequency":"","Model":"","Coin":33155,"Bullet":"","unlocking":"","type":"","english":"","name":""},"44":{"Id":44,"Lv":44,"period":3,"Dps":153,"showTips":459,"BulletNumber":"","FireFrequency":"","Model":"","Coin":34695,"Bullet":"","unlocking":"","type":"","english":"","name":""},"45":{"Id":45,"Lv":45,"period":3,"Dps":162,"showTips":486,"BulletNumber":"","FireFrequency":"","Model":"","Coin":36270,"Bullet":"","unlocking":"","type":"","english":"","name":""},"46":{"Id":46,"Lv":46,"period":3,"Dps":171,"showTips":513,"BulletNumber":"","FireFrequency":"","Model":"","Coin":37880,"Bullet":"","unlocking":"","type":"","english":"","name":""},"47":{"Id":47,"Lv":47,"period":3,"Dps":180,"showTips":540,"BulletNumber":"","FireFrequency":"","Model":"","Coin":39525,"Bullet":"","unlocking":"","type":"","english":"","name":""},"48":{"Id":48,"Lv":48,"period":3,"Dps":189,"showTips":567,"BulletNumber":"","FireFrequency":"","Model":"","Coin":41205,"Bullet":"","unlocking":"","type":"","english":"","name":""},"49":{"Id":49,"Lv":49,"period":3,"Dps":198,"showTips":594,"BulletNumber":"","FireFrequency":"","Model":"","Coin":42920,"Bullet":"","unlocking":"","type":"","english":"","name":""},"50":{"Id":50,"Lv":50,"period":3,"Dps":207,"showTips":621,"BulletNumber":"","FireFrequency":"","Model":"","Coin":44670,"Bullet":"","unlocking":"","type":"","english":"","name":""},"51":{"Id":51,"Lv":51,"period":3,"Dps":216,"showTips":648,"BulletNumber":"","FireFrequency":"","Model":"","Coin":46455,"Bullet":"","unlocking":"","type":"","english":"","name":""},"52":{"Id":52,"Lv":52,"period":3,"Dps":225,"showTips":675,"BulletNumber":"","FireFrequency":"","Model":"","Coin":48275,"Bullet":"","unlocking":"","type":"","english":"","name":""},"53":{"Id":53,"Lv":53,"period":3,"Dps":234,"showTips":702,"BulletNumber":"","FireFrequency":"","Model":"","Coin":50130,"Bullet":"","unlocking":"","type":"","english":"","name":""},"54":{"Id":54,"Lv":54,"period":3,"Dps":243,"showTips":729,"BulletNumber":"","FireFrequency":"","Model":"","Coin":52020,"Bullet":"","unlocking":"","type":"","english":"","name":""},"55":{"Id":55,"Lv":55,"period":3,"Dps":252,"showTips":756,"BulletNumber":"","FireFrequency":"","Model":"","Coin":53945,"Bullet":"","unlocking":"","type":"","english":"","name":""},"56":{"Id":56,"Lv":56,"period":3,"Dps":261,"showTips":783,"BulletNumber":"","FireFrequency":"","Model":"","Coin":55905,"Bullet":"","unlocking":"","type":"","english":"","name":""},"57":{"Id":57,"Lv":57,"period":3,"Dps":270,"showTips":810,"BulletNumber":"","FireFrequency":"","Model":"","Coin":57900,"Bullet":"","unlocking":"","type":"","english":"","name":""},"58":{"Id":58,"Lv":58,"period":3,"Dps":279,"showTips":837,"BulletNumber":"","FireFrequency":"","Model":"","Coin":59930,"Bullet":"","unlocking":"","type":"","english":"","name":""},"59":{"Id":59,"Lv":59,"period":3,"Dps":288,"showTips":864,"BulletNumber":"","FireFrequency":"","Model":"","Coin":61995,"Bullet":"","unlocking":"","type":"","english":"","name":""},"60":{"Id":60,"Lv":60,"period":3,"Dps":297,"showTips":891,"BulletNumber":"","FireFrequency":"","Model":"","Coin":64095,"Bullet":"","unlocking":"","type":"","english":"","name":""},"61":{"Id":61,"Lv":61,"period":3,"Dps":306,"showTips":918,"BulletNumber":"","FireFrequency":"","Model":"","Coin":66230,"Bullet":"","unlocking":"","type":"","english":"","name":""},"62":{"Id":62,"Lv":62,"period":3,"Dps":315,"showTips":945,"BulletNumber":"","FireFrequency":"","Model":"","Coin":68400,"Bullet":"","unlocking":"","type":"","english":"","name":""},"63":{"Id":63,"Lv":63,"period":3,"Dps":324,"showTips":972,"BulletNumber":"","FireFrequency":"","Model":"","Coin":70605,"Bullet":"","unlocking":"","type":"","english":"","name":""},"64":{"Id":64,"Lv":64,"period":3,"Dps":333,"showTips":999,"BulletNumber":"","FireFrequency":"","Model":"","Coin":72845,"Bullet":"","unlocking":"","type":"","english":"","name":""},"65":{"Id":65,"Lv":65,"period":3,"Dps":342,"showTips":1026,"BulletNumber":"","FireFrequency":"","Model":"","Coin":75120,"Bullet":"","unlocking":"","type":"","english":"","name":""},"66":{"Id":66,"Lv":66,"period":3,"Dps":351,"showTips":1053,"BulletNumber":"","FireFrequency":"","Model":"","Coin":77430,"Bullet":"","unlocking":"","type":"","english":"","name":""},"67":{"Id":67,"Lv":67,"period":3,"Dps":360,"showTips":1080,"BulletNumber":"","FireFrequency":"","Model":"","Coin":79775,"Bullet":"","unlocking":"","type":"","english":"","name":""},"68":{"Id":68,"Lv":68,"period":3,"Dps":369,"showTips":1107,"BulletNumber":"","FireFrequency":"","Model":"","Coin":82155,"Bullet":"","unlocking":"","type":"","english":"","name":""},"69":{"Id":69,"Lv":69,"period":3,"Dps":378,"showTips":1134,"BulletNumber":"","FireFrequency":"","Model":"","Coin":84570,"Bullet":"","unlocking":"","type":"","english":"","name":""},"70":{"Id":70,"Lv":70,"period":3,"Dps":387,"showTips":1161,"BulletNumber":"","FireFrequency":"","Model":"","Coin":87020,"Bullet":"","unlocking":"","type":"","english":"","name":""},"71":{"Id":71,"Lv":71,"period":3,"Dps":396,"showTips":1188,"BulletNumber":"","FireFrequency":"","Model":"","Coin":89505,"Bullet":"","unlocking":"","type":"","english":"","name":""},"72":{"Id":72,"Lv":72,"period":3,"Dps":405,"showTips":1215,"BulletNumber":"","FireFrequency":"","Model":"","Coin":92025,"Bullet":"","unlocking":"","type":"","english":"","name":""},"73":{"Id":73,"Lv":73,"period":3,"Dps":414,"showTips":1242,"BulletNumber":"","FireFrequency":"","Model":"","Coin":94580,"Bullet":"","unlocking":"","type":"","english":"","name":""},"74":{"Id":74,"Lv":74,"period":3,"Dps":423,"showTips":1269,"BulletNumber":"","FireFrequency":"","Model":"","Coin":97170,"Bullet":"","unlocking":"","type":"","english":"","name":""},"75":{"Id":75,"Lv":75,"period":3,"Dps":432,"showTips":1296,"BulletNumber":"","FireFrequency":"","Model":"","Coin":99795,"Bullet":"","unlocking":"","type":"","english":"","name":""},"76":{"Id":76,"Lv":76,"period":3,"Dps":441,"showTips":1323,"BulletNumber":"","FireFrequency":"","Model":"","Coin":102455,"Bullet":"","unlocking":"","type":"","english":"","name":""},"77":{"Id":77,"Lv":77,"period":3,"Dps":450,"showTips":1350,"BulletNumber":"","FireFrequency":"","Model":"","Coin":105150,"Bullet":"","unlocking":"","type":"","english":"","name":""},"78":{"Id":78,"Lv":78,"period":3,"Dps":459,"showTips":1377,"BulletNumber":"","FireFrequency":"","Model":"","Coin":107880,"Bullet":"","unlocking":"","type":"","english":"","name":""},"79":{"Id":79,"Lv":79,"period":3,"Dps":468,"showTips":1404,"BulletNumber":"","FireFrequency":"","Model":"","Coin":110645,"Bullet":"","unlocking":"","type":"","english":"","name":""},"80":{"Id":80,"Lv":80,"period":3,"Dps":477,"showTips":1431,"BulletNumber":"","FireFrequency":"","Model":"","Coin":113445,"Bullet":"","unlocking":"","type":"","english":"","name":""},"81":{"Id":81,"Lv":81,"period":3,"Dps":486,"showTips":1458,"BulletNumber":"","FireFrequency":"","Model":"","Coin":116280,"Bullet":"","unlocking":"","type":"","english":"","name":""},"82":{"Id":82,"Lv":82,"period":3,"Dps":495,"showTips":1485,"BulletNumber":"","FireFrequency":"","Model":"","Coin":119150,"Bullet":"","unlocking":"","type":"","english":"","name":""},"83":{"Id":83,"Lv":83,"period":3,"Dps":504,"showTips":1512,"BulletNumber":"","FireFrequency":"","Model":"","Coin":122055,"Bullet":"","unlocking":"","type":"","english":"","name":""},"84":{"Id":84,"Lv":84,"period":3,"Dps":513,"showTips":1539,"BulletNumber":"","FireFrequency":"","Model":"","Coin":124995,"Bullet":"","unlocking":"","type":"","english":"","name":""},"85":{"Id":85,"Lv":85,"period":3,"Dps":522,"showTips":1566,"BulletNumber":"","FireFrequency":"","Model":"","Coin":127970,"Bullet":"","unlocking":"","type":"","english":"","name":""},"86":{"Id":86,"Lv":86,"period":3,"Dps":531,"showTips":1593,"BulletNumber":"","FireFrequency":"","Model":"","Coin":130980,"Bullet":"","unlocking":"","type":"","english":"","name":""},"87":{"Id":87,"Lv":87,"period":3,"Dps":540,"showTips":1620,"BulletNumber":"","FireFrequency":"","Model":"","Coin":134025,"Bullet":"","unlocking":"","type":"","english":"","name":""},"88":{"Id":88,"Lv":88,"period":3,"Dps":549,"showTips":1647,"BulletNumber":"","FireFrequency":"","Model":"","Coin":137105,"Bullet":"","unlocking":"","type":"","english":"","name":""},"89":{"Id":89,"Lv":89,"period":3,"Dps":558,"showTips":1674,"BulletNumber":"","FireFrequency":"","Model":"","Coin":140220,"Bullet":"","unlocking":"","type":"","english":"","name":""},"90":{"Id":90,"Lv":90,"period":3,"Dps":567,"showTips":1701,"BulletNumber":"","FireFrequency":"","Model":"","Coin":143370,"Bullet":"","unlocking":"","type":"","english":"","name":""},"91":{"Id":91,"Lv":91,"period":3,"Dps":576,"showTips":1728,"BulletNumber":"","FireFrequency":"","Model":"","Coin":146555,"Bullet":"","unlocking":"","type":"","english":"","name":""},"92":{"Id":92,"Lv":92,"period":3,"Dps":585,"showTips":1755,"BulletNumber":"","FireFrequency":"","Model":"","Coin":149775,"Bullet":"","unlocking":"","type":"","english":"","name":""},"93":{"Id":93,"Lv":93,"period":3,"Dps":594,"showTips":1782,"BulletNumber":"","FireFrequency":"","Model":"","Coin":153030,"Bullet":"","unlocking":"","type":"","english":"","name":""},"94":{"Id":94,"Lv":94,"period":3,"Dps":603,"showTips":1809,"BulletNumber":"","FireFrequency":"","Model":"","Coin":156320,"Bullet":"","unlocking":"","type":"","english":"","name":""},"95":{"Id":95,"Lv":95,"period":3,"Dps":612,"showTips":1836,"BulletNumber":"","FireFrequency":"","Model":"","Coin":159645,"Bullet":"","unlocking":"","type":"","english":"","name":""},"96":{"Id":96,"Lv":96,"period":3,"Dps":621,"showTips":1863,"BulletNumber":"","FireFrequency":"","Model":"","Coin":163005,"Bullet":"","unlocking":"","type":"","english":"","name":""},"97":{"Id":97,"Lv":97,"period":3,"Dps":630,"showTips":1890,"BulletNumber":"","FireFrequency":"","Model":"","Coin":166400,"Bullet":"","unlocking":"","type":"","english":"","name":""},"98":{"Id":98,"Lv":98,"period":3,"Dps":630,"showTips":1890,"BulletNumber":"","FireFrequency":"","Model":"","Coin":169830,"Bullet":"","unlocking":"","type":"","english":"","name":""},"99":{"Id":99,"Lv":99,"period":3,"Dps":630,"showTips":1890,"BulletNumber":"","FireFrequency":"","Model":"","Coin":173295,"Bullet":"","unlocking":"","type":"","english":"","name":""},"100":{"Id":100,"Lv":100,"period":3,"Dps":630,"showTips":1890,"BulletNumber":"","FireFrequency":"","Model":"","Coin":176795,"Bullet":"","unlocking":"","type":"","english":"","name":""}},"3":{"1":{"Id":1,"Lv":1,"period":1,"Dps":15,"showTips":45,"BulletNumber":1,"FireFrequency":1800,"Model":"ui_aircraft/p_aircarft_2.png","Coin":170,"Bullet":12,"unlocking":100,"type":2,"english":"missile","name":"导弹"},"2":{"Id":2,"Lv":2,"period":1,"Dps":16,"showTips":48,"BulletNumber":"","FireFrequency":"","Model":"","Coin":230,"Bullet":"","unlocking":"","type":"","english":"","name":""},"3":{"Id":3,"Lv":3,"period":1,"Dps":17,"showTips":51,"BulletNumber":"","FireFrequency":"","Model":"","Coin":320,"Bullet":"","unlocking":"","type":"","english":"","name":""},"4":{"Id":4,"Lv":4,"period":1,"Dps":18,"showTips":54,"BulletNumber":"","FireFrequency":"","Model":"","Coin":440,"Bullet":"","unlocking":"","type":"","english":"","name":""},"5":{"Id":5,"Lv":5,"period":1,"Dps":19,"showTips":57,"BulletNumber":"","FireFrequency":"","Model":"","Coin":590,"Bullet":"","unlocking":"","type":"","english":"","name":""},"6":{"Id":6,"Lv":6,"period":1,"Dps":20,"showTips":60,"BulletNumber":"","FireFrequency":"","Model":"","Coin":770,"Bullet":"","unlocking":"","type":"","english":"","name":""},"7":{"Id":7,"Lv":7,"period":1,"Dps":21,"showTips":63,"BulletNumber":"","FireFrequency":"","Model":"","Coin":980,"Bullet":"","unlocking":"","type":"","english":"","name":""},"8":{"Id":8,"Lv":8,"period":1,"Dps":22,"showTips":66,"BulletNumber":"","FireFrequency":"","Model":"","Coin":1220,"Bullet":"","unlocking":"","type":"","english":"","name":""},"9":{"Id":9,"Lv":9,"period":1,"Dps":23,"showTips":69,"BulletNumber":"","FireFrequency":"","Model":"","Coin":1490,"Bullet":"","unlocking":"","type":"","english":"","name":""},"10":{"Id":10,"Lv":10,"period":1,"Dps":24,"showTips":72,"BulletNumber":"","FireFrequency":"","Model":"","Coin":1790,"Bullet":"","unlocking":"","type":"","english":"","name":""},"11":{"Id":11,"Lv":11,"period":1,"Dps":25,"showTips":75,"BulletNumber":"","FireFrequency":"","Model":"","Coin":2120,"Bullet":"","unlocking":"","type":"","english":"","name":""},"12":{"Id":12,"Lv":12,"period":1,"Dps":26,"showTips":78,"BulletNumber":"","FireFrequency":"","Model":"","Coin":2480,"Bullet":"","unlocking":"","type":"","english":"","name":""},"13":{"Id":13,"Lv":13,"period":1,"Dps":27,"showTips":81,"BulletNumber":"","FireFrequency":"","Model":"","Coin":2870,"Bullet":"","unlocking":"","type":"","english":"","name":""},"14":{"Id":14,"Lv":14,"period":1,"Dps":28,"showTips":84,"BulletNumber":"","FireFrequency":"","Model":"","Coin":3290,"Bullet":"","unlocking":"","type":"","english":"","name":""},"15":{"Id":15,"Lv":15,"period":1,"Dps":29,"showTips":87,"BulletNumber":"","FireFrequency":"","Model":"","Coin":3740,"Bullet":"","unlocking":"","type":"","english":"","name":""},"16":{"Id":16,"Lv":16,"period":1,"Dps":30,"showTips":90,"BulletNumber":"","FireFrequency":"","Model":"","Coin":4220,"Bullet":"","unlocking":"","type":"","english":"","name":""},"17":{"Id":17,"Lv":17,"period":1,"Dps":31,"showTips":93,"BulletNumber":"","FireFrequency":"","Model":"","Coin":4730,"Bullet":"","unlocking":"","type":"","english":"","name":""},"18":{"Id":18,"Lv":18,"period":1,"Dps":33,"showTips":99,"BulletNumber":"","FireFrequency":"","Model":"","Coin":5270,"Bullet":"","unlocking":"","type":"","english":"","name":""},"19":{"Id":19,"Lv":19,"period":1,"Dps":35,"showTips":105,"BulletNumber":"","FireFrequency":"","Model":"","Coin":5840,"Bullet":"","unlocking":"","type":"","english":"","name":""},"20":{"Id":20,"Lv":20,"period":1,"Dps":37,"showTips":111,"BulletNumber":"","FireFrequency":"","Model":"","Coin":6440,"Bullet":"","unlocking":"","type":"","english":"","name":""},"21":{"Id":21,"Lv":21,"period":2,"Dps":41,"showTips":123,"BulletNumber":"","FireFrequency":"","Model":"","Coin":7070,"Bullet":"","unlocking":"","type":"","english":"","name":""},"22":{"Id":22,"Lv":22,"period":2,"Dps":45,"showTips":135,"BulletNumber":"","FireFrequency":"","Model":"","Coin":7730,"Bullet":"","unlocking":"","type":"","english":"","name":""},"23":{"Id":23,"Lv":23,"period":2,"Dps":49,"showTips":147,"BulletNumber":"","FireFrequency":"","Model":"","Coin":8420,"Bullet":"","unlocking":"","type":"","english":"","name":""},"24":{"Id":24,"Lv":24,"period":2,"Dps":53,"showTips":159,"BulletNumber":"","FireFrequency":"","Model":"","Coin":9140,"Bullet":"","unlocking":"","type":"","english":"","name":""},"25":{"Id":25,"Lv":25,"period":2,"Dps":57,"showTips":171,"BulletNumber":"","FireFrequency":"","Model":"","Coin":9890,"Bullet":"","unlocking":"","type":"","english":"","name":""},"26":{"Id":26,"Lv":26,"period":2,"Dps":61,"showTips":183,"BulletNumber":"","FireFrequency":"","Model":"","Coin":10670,"Bullet":"","unlocking":"","type":"","english":"","name":""},"27":{"Id":27,"Lv":27,"period":2,"Dps":65,"showTips":195,"BulletNumber":"","FireFrequency":"","Model":"","Coin":11480,"Bullet":"","unlocking":"","type":"","english":"","name":""},"28":{"Id":28,"Lv":28,"period":2,"Dps":69,"showTips":207,"BulletNumber":"","FireFrequency":"","Model":"","Coin":12320,"Bullet":"","unlocking":"","type":"","english":"","name":""},"29":{"Id":29,"Lv":29,"period":2,"Dps":73,"showTips":219,"BulletNumber":"","FireFrequency":"","Model":"","Coin":13190,"Bullet":"","unlocking":"","type":"","english":"","name":""},"30":{"Id":30,"Lv":30,"period":2,"Dps":77,"showTips":231,"BulletNumber":"","FireFrequency":"","Model":"","Coin":14090,"Bullet":"","unlocking":"","type":"","english":"","name":""},"31":{"Id":31,"Lv":31,"period":2,"Dps":81,"showTips":243,"BulletNumber":"","FireFrequency":"","Model":"","Coin":15020,"Bullet":"","unlocking":"","type":"","english":"","name":""},"32":{"Id":32,"Lv":32,"period":2,"Dps":85,"showTips":255,"BulletNumber":"","FireFrequency":"","Model":"","Coin":15980,"Bullet":"","unlocking":"","type":"","english":"","name":""},"33":{"Id":33,"Lv":33,"period":2,"Dps":89,"showTips":267,"BulletNumber":"","FireFrequency":"","Model":"","Coin":16970,"Bullet":"","unlocking":"","type":"","english":"","name":""},"34":{"Id":34,"Lv":34,"period":2,"Dps":93,"showTips":279,"BulletNumber":"","FireFrequency":"","Model":"","Coin":17990,"Bullet":"","unlocking":"","type":"","english":"","name":""},"35":{"Id":35,"Lv":35,"period":2,"Dps":97,"showTips":291,"BulletNumber":"","FireFrequency":"","Model":"","Coin":19040,"Bullet":"","unlocking":"","type":"","english":"","name":""},"36":{"Id":36,"Lv":36,"period":2,"Dps":101,"showTips":303,"BulletNumber":"","FireFrequency":"","Model":"","Coin":20120,"Bullet":"","unlocking":"","type":"","english":"","name":""},"37":{"Id":37,"Lv":37,"period":2,"Dps":105,"showTips":315,"BulletNumber":"","FireFrequency":"","Model":"","Coin":21230,"Bullet":"","unlocking":"","type":"","english":"","name":""},"38":{"Id":38,"Lv":38,"period":2,"Dps":111,"showTips":333,"BulletNumber":"","FireFrequency":"","Model":"","Coin":22370,"Bullet":"","unlocking":"","type":"","english":"","name":""},"39":{"Id":39,"Lv":39,"period":2,"Dps":117,"showTips":351,"BulletNumber":"","FireFrequency":"","Model":"","Coin":23540,"Bullet":"","unlocking":"","type":"","english":"","name":""},"40":{"Id":40,"Lv":40,"period":2,"Dps":123,"showTips":369,"BulletNumber":"","FireFrequency":"","Model":"","Coin":24740,"Bullet":"","unlocking":"","type":"","english":"","name":""},"41":{"Id":41,"Lv":41,"period":3,"Dps":132,"showTips":396,"BulletNumber":"","FireFrequency":"","Model":"","Coin":25970,"Bullet":"","unlocking":"","type":"","english":"","name":""},"42":{"Id":42,"Lv":42,"period":3,"Dps":141,"showTips":423,"BulletNumber":"","FireFrequency":"","Model":"","Coin":27230,"Bullet":"","unlocking":"","type":"","english":"","name":""},"43":{"Id":43,"Lv":43,"period":3,"Dps":150,"showTips":450,"BulletNumber":"","FireFrequency":"","Model":"","Coin":28520,"Bullet":"","unlocking":"","type":"","english":"","name":""},"44":{"Id":44,"Lv":44,"period":3,"Dps":159,"showTips":477,"BulletNumber":"","FireFrequency":"","Model":"","Coin":29840,"Bullet":"","unlocking":"","type":"","english":"","name":""},"45":{"Id":45,"Lv":45,"period":3,"Dps":168,"showTips":504,"BulletNumber":"","FireFrequency":"","Model":"","Coin":31190,"Bullet":"","unlocking":"","type":"","english":"","name":""},"46":{"Id":46,"Lv":46,"period":3,"Dps":177,"showTips":531,"BulletNumber":"","FireFrequency":"","Model":"","Coin":32570,"Bullet":"","unlocking":"","type":"","english":"","name":""},"47":{"Id":47,"Lv":47,"period":3,"Dps":186,"showTips":558,"BulletNumber":"","FireFrequency":"","Model":"","Coin":33980,"Bullet":"","unlocking":"","type":"","english":"","name":""},"48":{"Id":48,"Lv":48,"period":3,"Dps":195,"showTips":585,"BulletNumber":"","FireFrequency":"","Model":"","Coin":35420,"Bullet":"","unlocking":"","type":"","english":"","name":""},"49":{"Id":49,"Lv":49,"period":3,"Dps":204,"showTips":612,"BulletNumber":"","FireFrequency":"","Model":"","Coin":36890,"Bullet":"","unlocking":"","type":"","english":"","name":""},"50":{"Id":50,"Lv":50,"period":3,"Dps":213,"showTips":639,"BulletNumber":"","FireFrequency":"","Model":"","Coin":38390,"Bullet":"","unlocking":"","type":"","english":"","name":""},"51":{"Id":51,"Lv":51,"period":3,"Dps":222,"showTips":666,"BulletNumber":"","FireFrequency":"","Model":"","Coin":39920,"Bullet":"","unlocking":"","type":"","english":"","name":""},"52":{"Id":52,"Lv":52,"period":3,"Dps":231,"showTips":693,"BulletNumber":"","FireFrequency":"","Model":"","Coin":41480,"Bullet":"","unlocking":"","type":"","english":"","name":""},"53":{"Id":53,"Lv":53,"period":3,"Dps":240,"showTips":720,"BulletNumber":"","FireFrequency":"","Model":"","Coin":43070,"Bullet":"","unlocking":"","type":"","english":"","name":""},"54":{"Id":54,"Lv":54,"period":3,"Dps":249,"showTips":747,"BulletNumber":"","FireFrequency":"","Model":"","Coin":44690,"Bullet":"","unlocking":"","type":"","english":"","name":""},"55":{"Id":55,"Lv":55,"period":3,"Dps":258,"showTips":774,"BulletNumber":"","FireFrequency":"","Model":"","Coin":46340,"Bullet":"","unlocking":"","type":"","english":"","name":""},"56":{"Id":56,"Lv":56,"period":3,"Dps":267,"showTips":801,"BulletNumber":"","FireFrequency":"","Model":"","Coin":48020,"Bullet":"","unlocking":"","type":"","english":"","name":""},"57":{"Id":57,"Lv":57,"period":3,"Dps":276,"showTips":828,"BulletNumber":"","FireFrequency":"","Model":"","Coin":49730,"Bullet":"","unlocking":"","type":"","english":"","name":""},"58":{"Id":58,"Lv":58,"period":3,"Dps":285,"showTips":855,"BulletNumber":"","FireFrequency":"","Model":"","Coin":51470,"Bullet":"","unlocking":"","type":"","english":"","name":""},"59":{"Id":59,"Lv":59,"period":3,"Dps":294,"showTips":882,"BulletNumber":"","FireFrequency":"","Model":"","Coin":53240,"Bullet":"","unlocking":"","type":"","english":"","name":""},"60":{"Id":60,"Lv":60,"period":3,"Dps":303,"showTips":909,"BulletNumber":"","FireFrequency":"","Model":"","Coin":55040,"Bullet":"","unlocking":"","type":"","english":"","name":""},"61":{"Id":61,"Lv":61,"period":3,"Dps":312,"showTips":936,"BulletNumber":"","FireFrequency":"","Model":"","Coin":56870,"Bullet":"","unlocking":"","type":"","english":"","name":""},"62":{"Id":62,"Lv":62,"period":3,"Dps":321,"showTips":963,"BulletNumber":"","FireFrequency":"","Model":"","Coin":58730,"Bullet":"","unlocking":"","type":"","english":"","name":""},"63":{"Id":63,"Lv":63,"period":3,"Dps":330,"showTips":990,"BulletNumber":"","FireFrequency":"","Model":"","Coin":60620,"Bullet":"","unlocking":"","type":"","english":"","name":""},"64":{"Id":64,"Lv":64,"period":3,"Dps":339,"showTips":1017,"BulletNumber":"","FireFrequency":"","Model":"","Coin":62540,"Bullet":"","unlocking":"","type":"","english":"","name":""},"65":{"Id":65,"Lv":65,"period":3,"Dps":348,"showTips":1044,"BulletNumber":"","FireFrequency":"","Model":"","Coin":64490,"Bullet":"","unlocking":"","type":"","english":"","name":""},"66":{"Id":66,"Lv":66,"period":3,"Dps":357,"showTips":1071,"BulletNumber":"","FireFrequency":"","Model":"","Coin":66470,"Bullet":"","unlocking":"","type":"","english":"","name":""},"67":{"Id":67,"Lv":67,"period":3,"Dps":366,"showTips":1098,"BulletNumber":"","FireFrequency":"","Model":"","Coin":68480,"Bullet":"","unlocking":"","type":"","english":"","name":""},"68":{"Id":68,"Lv":68,"period":3,"Dps":375,"showTips":1125,"BulletNumber":"","FireFrequency":"","Model":"","Coin":70520,"Bullet":"","unlocking":"","type":"","english":"","name":""},"69":{"Id":69,"Lv":69,"period":3,"Dps":384,"showTips":1152,"BulletNumber":"","FireFrequency":"","Model":"","Coin":72590,"Bullet":"","unlocking":"","type":"","english":"","name":""},"70":{"Id":70,"Lv":70,"period":3,"Dps":393,"showTips":1179,"BulletNumber":"","FireFrequency":"","Model":"","Coin":74690,"Bullet":"","unlocking":"","type":"","english":"","name":""},"71":{"Id":71,"Lv":71,"period":3,"Dps":402,"showTips":1206,"BulletNumber":"","FireFrequency":"","Model":"","Coin":76820,"Bullet":"","unlocking":"","type":"","english":"","name":""},"72":{"Id":72,"Lv":72,"period":3,"Dps":411,"showTips":1233,"BulletNumber":"","FireFrequency":"","Model":"","Coin":78980,"Bullet":"","unlocking":"","type":"","english":"","name":""},"73":{"Id":73,"Lv":73,"period":3,"Dps":420,"showTips":1260,"BulletNumber":"","FireFrequency":"","Model":"","Coin":81170,"Bullet":"","unlocking":"","type":"","english":"","name":""},"74":{"Id":74,"Lv":74,"period":3,"Dps":429,"showTips":1287,"BulletNumber":"","FireFrequency":"","Model":"","Coin":83390,"Bullet":"","unlocking":"","type":"","english":"","name":""},"75":{"Id":75,"Lv":75,"period":3,"Dps":438,"showTips":1314,"BulletNumber":"","FireFrequency":"","Model":"","Coin":85640,"Bullet":"","unlocking":"","type":"","english":"","name":""},"76":{"Id":76,"Lv":76,"period":3,"Dps":447,"showTips":1341,"BulletNumber":"","FireFrequency":"","Model":"","Coin":87920,"Bullet":"","unlocking":"","type":"","english":"","name":""},"77":{"Id":77,"Lv":77,"period":3,"Dps":456,"showTips":1368,"BulletNumber":"","FireFrequency":"","Model":"","Coin":90230,"Bullet":"","unlocking":"","type":"","english":"","name":""},"78":{"Id":78,"Lv":78,"period":3,"Dps":465,"showTips":1395,"BulletNumber":"","FireFrequency":"","Model":"","Coin":92570,"Bullet":"","unlocking":"","type":"","english":"","name":""},"79":{"Id":79,"Lv":79,"period":3,"Dps":474,"showTips":1422,"BulletNumber":"","FireFrequency":"","Model":"","Coin":94940,"Bullet":"","unlocking":"","type":"","english":"","name":""},"80":{"Id":80,"Lv":80,"period":3,"Dps":483,"showTips":1449,"BulletNumber":"","FireFrequency":"","Model":"","Coin":97340,"Bullet":"","unlocking":"","type":"","english":"","name":""},"81":{"Id":81,"Lv":81,"period":3,"Dps":492,"showTips":1476,"BulletNumber":"","FireFrequency":"","Model":"","Coin":99770,"Bullet":"","unlocking":"","type":"","english":"","name":""},"82":{"Id":82,"Lv":82,"period":3,"Dps":501,"showTips":1503,"BulletNumber":"","FireFrequency":"","Model":"","Coin":102230,"Bullet":"","unlocking":"","type":"","english":"","name":""},"83":{"Id":83,"Lv":83,"period":3,"Dps":510,"showTips":1530,"BulletNumber":"","FireFrequency":"","Model":"","Coin":104720,"Bullet":"","unlocking":"","type":"","english":"","name":""},"84":{"Id":84,"Lv":84,"period":3,"Dps":519,"showTips":1557,"BulletNumber":"","FireFrequency":"","Model":"","Coin":107240,"Bullet":"","unlocking":"","type":"","english":"","name":""},"85":{"Id":85,"Lv":85,"period":3,"Dps":528,"showTips":1584,"BulletNumber":"","FireFrequency":"","Model":"","Coin":109790,"Bullet":"","unlocking":"","type":"","english":"","name":""},"86":{"Id":86,"Lv":86,"period":3,"Dps":537,"showTips":1611,"BulletNumber":"","FireFrequency":"","Model":"","Coin":112370,"Bullet":"","unlocking":"","type":"","english":"","name":""},"87":{"Id":87,"Lv":87,"period":3,"Dps":546,"showTips":1638,"BulletNumber":"","FireFrequency":"","Model":"","Coin":114980,"Bullet":"","unlocking":"","type":"","english":"","name":""},"88":{"Id":88,"Lv":88,"period":3,"Dps":555,"showTips":1665,"BulletNumber":"","FireFrequency":"","Model":"","Coin":117620,"Bullet":"","unlocking":"","type":"","english":"","name":""},"89":{"Id":89,"Lv":89,"period":3,"Dps":564,"showTips":1692,"BulletNumber":"","FireFrequency":"","Model":"","Coin":120290,"Bullet":"","unlocking":"","type":"","english":"","name":""},"90":{"Id":90,"Lv":90,"period":3,"Dps":573,"showTips":1719,"BulletNumber":"","FireFrequency":"","Model":"","Coin":122990,"Bullet":"","unlocking":"","type":"","english":"","name":""},"91":{"Id":91,"Lv":91,"period":3,"Dps":582,"showTips":1746,"BulletNumber":"","FireFrequency":"","Model":"","Coin":125720,"Bullet":"","unlocking":"","type":"","english":"","name":""},"92":{"Id":92,"Lv":92,"period":3,"Dps":591,"showTips":1773,"BulletNumber":"","FireFrequency":"","Model":"","Coin":128480,"Bullet":"","unlocking":"","type":"","english":"","name":""},"93":{"Id":93,"Lv":93,"period":3,"Dps":600,"showTips":1800,"BulletNumber":"","FireFrequency":"","Model":"","Coin":131270,"Bullet":"","unlocking":"","type":"","english":"","name":""},"94":{"Id":94,"Lv":94,"period":3,"Dps":609,"showTips":1827,"BulletNumber":"","FireFrequency":"","Model":"","Coin":134090,"Bullet":"","unlocking":"","type":"","english":"","name":""},"95":{"Id":95,"Lv":95,"period":3,"Dps":618,"showTips":1854,"BulletNumber":"","FireFrequency":"","Model":"","Coin":136940,"Bullet":"","unlocking":"","type":"","english":"","name":""},"96":{"Id":96,"Lv":96,"period":3,"Dps":627,"showTips":1881,"BulletNumber":"","FireFrequency":"","Model":"","Coin":139820,"Bullet":"","unlocking":"","type":"","english":"","name":""},"97":{"Id":97,"Lv":97,"period":3,"Dps":636,"showTips":1908,"BulletNumber":"","FireFrequency":"","Model":"","Coin":142730,"Bullet":"","unlocking":"","type":"","english":"","name":""},"98":{"Id":98,"Lv":98,"period":3,"Dps":636,"showTips":1908,"BulletNumber":"","FireFrequency":"","Model":"","Coin":145670,"Bullet":"","unlocking":"","type":"","english":"","name":""},"99":{"Id":99,"Lv":99,"period":3,"Dps":636,"showTips":1908,"BulletNumber":"","FireFrequency":"","Model":"","Coin":148640,"Bullet":"","unlocking":"","type":"","english":"","name":""},"100":{"Id":100,"Lv":100,"period":3,"Dps":636,"showTips":1908,"BulletNumber":"","FireFrequency":"","Model":"","Coin":151640,"Bullet":"","unlocking":"","type":"","english":"","name":""}},"4":{"1":{"Id":1,"Lv":1,"period":1,"Dps":20,"showTips":60,"BulletNumber":1,"FireFrequency":130,"Model":"ui_aircraft/p_aircarft_5.png","Coin":500,"Bullet":13,"unlocking":120,"type":5,"english":"laser","name":"激光"},"2":{"Id":2,"Lv":2,"period":1,"Dps":21,"showTips":63,"BulletNumber":"","FireFrequency":"","Model":"","Coin":570,"Bullet":"","unlocking":"","type":"","english":"","name":""},"3":{"Id":3,"Lv":3,"period":1,"Dps":22,"showTips":66,"BulletNumber":"","FireFrequency":"","Model":"","Coin":675,"Bullet":"","unlocking":"","type":"","english":"","name":""},"4":{"Id":4,"Lv":4,"period":1,"Dps":23,"showTips":69,"BulletNumber":"","FireFrequency":"","Model":"","Coin":815,"Bullet":"","unlocking":"","type":"","english":"","name":""},"5":{"Id":5,"Lv":5,"period":1,"Dps":24,"showTips":72,"BulletNumber":"","FireFrequency":"","Model":"","Coin":990,"Bullet":"","unlocking":"","type":"","english":"","name":""},"6":{"Id":6,"Lv":6,"period":1,"Dps":25,"showTips":75,"BulletNumber":"","FireFrequency":"","Model":"","Coin":1200,"Bullet":"","unlocking":"","type":"","english":"","name":""},"7":{"Id":7,"Lv":7,"period":1,"Dps":26,"showTips":78,"BulletNumber":"","FireFrequency":"","Model":"","Coin":1445,"Bullet":"","unlocking":"","type":"","english":"","name":""},"8":{"Id":8,"Lv":8,"period":1,"Dps":27,"showTips":81,"BulletNumber":"","FireFrequency":"","Model":"","Coin":1725,"Bullet":"","unlocking":"","type":"","english":"","name":""},"9":{"Id":9,"Lv":9,"period":1,"Dps":28,"showTips":84,"BulletNumber":"","FireFrequency":"","Model":"","Coin":2040,"Bullet":"","unlocking":"","type":"","english":"","name":""},"10":{"Id":10,"Lv":10,"period":1,"Dps":29,"showTips":87,"BulletNumber":"","FireFrequency":"","Model":"","Coin":2390,"Bullet":"","unlocking":"","type":"","english":"","name":""},"11":{"Id":11,"Lv":11,"period":1,"Dps":30,"showTips":90,"BulletNumber":"","FireFrequency":"","Model":"","Coin":2775,"Bullet":"","unlocking":"","type":"","english":"","name":""},"12":{"Id":12,"Lv":12,"period":1,"Dps":31,"showTips":93,"BulletNumber":"","FireFrequency":"","Model":"","Coin":3195,"Bullet":"","unlocking":"","type":"","english":"","name":""},"13":{"Id":13,"Lv":13,"period":1,"Dps":32,"showTips":96,"BulletNumber":"","FireFrequency":"","Model":"","Coin":3650,"Bullet":"","unlocking":"","type":"","english":"","name":""},"14":{"Id":14,"Lv":14,"period":1,"Dps":33,"showTips":99,"BulletNumber":"","FireFrequency":"","Model":"","Coin":4140,"Bullet":"","unlocking":"","type":"","english":"","name":""},"15":{"Id":15,"Lv":15,"period":1,"Dps":34,"showTips":102,"BulletNumber":"","FireFrequency":"","Model":"","Coin":4665,"Bullet":"","unlocking":"","type":"","english":"","name":""},"16":{"Id":16,"Lv":16,"period":1,"Dps":35,"showTips":105,"BulletNumber":"","FireFrequency":"","Model":"","Coin":5225,"Bullet":"","unlocking":"","type":"","english":"","name":""},"17":{"Id":17,"Lv":17,"period":1,"Dps":36,"showTips":108,"BulletNumber":"","FireFrequency":"","Model":"","Coin":5820,"Bullet":"","unlocking":"","type":"","english":"","name":""},"18":{"Id":18,"Lv":18,"period":1,"Dps":38,"showTips":114,"BulletNumber":"","FireFrequency":"","Model":"","Coin":6450,"Bullet":"","unlocking":"","type":"","english":"","name":""},"19":{"Id":19,"Lv":19,"period":1,"Dps":40,"showTips":120,"BulletNumber":"","FireFrequency":"","Model":"","Coin":7115,"Bullet":"","unlocking":"","type":"","english":"","name":""},"20":{"Id":20,"Lv":20,"period":1,"Dps":42,"showTips":126,"BulletNumber":"","FireFrequency":"","Model":"","Coin":7815,"Bullet":"","unlocking":"","type":"","english":"","name":""},"21":{"Id":21,"Lv":21,"period":2,"Dps":46,"showTips":138,"BulletNumber":"","FireFrequency":"","Model":"","Coin":8550,"Bullet":"","unlocking":"","type":"","english":"","name":""},"22":{"Id":22,"Lv":22,"period":2,"Dps":50,"showTips":150,"BulletNumber":"","FireFrequency":"","Model":"","Coin":9320,"Bullet":"","unlocking":"","type":"","english":"","name":""},"23":{"Id":23,"Lv":23,"period":2,"Dps":54,"showTips":162,"BulletNumber":"","FireFrequency":"","Model":"","Coin":10125,"Bullet":"","unlocking":"","type":"","english":"","name":""},"24":{"Id":24,"Lv":24,"period":2,"Dps":58,"showTips":174,"BulletNumber":"","FireFrequency":"","Model":"","Coin":10965,"Bullet":"","unlocking":"","type":"","english":"","name":""},"25":{"Id":25,"Lv":25,"period":2,"Dps":62,"showTips":186,"BulletNumber":"","FireFrequency":"","Model":"","Coin":11840,"Bullet":"","unlocking":"","type":"","english":"","name":""},"26":{"Id":26,"Lv":26,"period":2,"Dps":66,"showTips":198,"BulletNumber":"","FireFrequency":"","Model":"","Coin":12750,"Bullet":"","unlocking":"","type":"","english":"","name":""},"27":{"Id":27,"Lv":27,"period":2,"Dps":70,"showTips":210,"BulletNumber":"","FireFrequency":"","Model":"","Coin":13695,"Bullet":"","unlocking":"","type":"","english":"","name":""},"28":{"Id":28,"Lv":28,"period":2,"Dps":74,"showTips":222,"BulletNumber":"","FireFrequency":"","Model":"","Coin":14675,"Bullet":"","unlocking":"","type":"","english":"","name":""},"29":{"Id":29,"Lv":29,"period":2,"Dps":78,"showTips":234,"BulletNumber":"","FireFrequency":"","Model":"","Coin":15690,"Bullet":"","unlocking":"","type":"","english":"","name":""},"30":{"Id":30,"Lv":30,"period":2,"Dps":82,"showTips":246,"BulletNumber":"","FireFrequency":"","Model":"","Coin":16740,"Bullet":"","unlocking":"","type":"","english":"","name":""},"31":{"Id":31,"Lv":31,"period":2,"Dps":86,"showTips":258,"BulletNumber":"","FireFrequency":"","Model":"","Coin":17825,"Bullet":"","unlocking":"","type":"","english":"","name":""},"32":{"Id":32,"Lv":32,"period":2,"Dps":90,"showTips":270,"BulletNumber":"","FireFrequency":"","Model":"","Coin":18945,"Bullet":"","unlocking":"","type":"","english":"","name":""},"33":{"Id":33,"Lv":33,"period":2,"Dps":94,"showTips":282,"BulletNumber":"","FireFrequency":"","Model":"","Coin":20100,"Bullet":"","unlocking":"","type":"","english":"","name":""},"34":{"Id":34,"Lv":34,"period":2,"Dps":98,"showTips":294,"BulletNumber":"","FireFrequency":"","Model":"","Coin":21290,"Bullet":"","unlocking":"","type":"","english":"","name":""},"35":{"Id":35,"Lv":35,"period":2,"Dps":102,"showTips":306,"BulletNumber":"","FireFrequency":"","Model":"","Coin":22515,"Bullet":"","unlocking":"","type":"","english":"","name":""},"36":{"Id":36,"Lv":36,"period":2,"Dps":106,"showTips":318,"BulletNumber":"","FireFrequency":"","Model":"","Coin":23775,"Bullet":"","unlocking":"","type":"","english":"","name":""},"37":{"Id":37,"Lv":37,"period":2,"Dps":110,"showTips":330,"BulletNumber":"","FireFrequency":"","Model":"","Coin":25070,"Bullet":"","unlocking":"","type":"","english":"","name":""},"38":{"Id":38,"Lv":38,"period":2,"Dps":116,"showTips":348,"BulletNumber":"","FireFrequency":"","Model":"","Coin":26400,"Bullet":"","unlocking":"","type":"","english":"","name":""},"39":{"Id":39,"Lv":39,"period":2,"Dps":122,"showTips":366,"BulletNumber":"","FireFrequency":"","Model":"","Coin":27765,"Bullet":"","unlocking":"","type":"","english":"","name":""},"40":{"Id":40,"Lv":40,"period":2,"Dps":128,"showTips":384,"BulletNumber":"","FireFrequency":"","Model":"","Coin":29165,"Bullet":"","unlocking":"","type":"","english":"","name":""},"41":{"Id":41,"Lv":41,"period":3,"Dps":137,"showTips":411,"BulletNumber":"","FireFrequency":"","Model":"","Coin":30600,"Bullet":"","unlocking":"","type":"","english":"","name":""},"42":{"Id":42,"Lv":42,"period":3,"Dps":146,"showTips":438,"BulletNumber":"","FireFrequency":"","Model":"","Coin":32070,"Bullet":"","unlocking":"","type":"","english":"","name":""},"43":{"Id":43,"Lv":43,"period":3,"Dps":155,"showTips":465,"BulletNumber":"","FireFrequency":"","Model":"","Coin":33575,"Bullet":"","unlocking":"","type":"","english":"","name":""},"44":{"Id":44,"Lv":44,"period":3,"Dps":164,"showTips":492,"BulletNumber":"","FireFrequency":"","Model":"","Coin":35115,"Bullet":"","unlocking":"","type":"","english":"","name":""},"45":{"Id":45,"Lv":45,"period":3,"Dps":173,"showTips":519,"BulletNumber":"","FireFrequency":"","Model":"","Coin":36690,"Bullet":"","unlocking":"","type":"","english":"","name":""},"46":{"Id":46,"Lv":46,"period":3,"Dps":182,"showTips":546,"BulletNumber":"","FireFrequency":"","Model":"","Coin":38300,"Bullet":"","unlocking":"","type":"","english":"","name":""},"47":{"Id":47,"Lv":47,"period":3,"Dps":191,"showTips":573,"BulletNumber":"","FireFrequency":"","Model":"","Coin":39945,"Bullet":"","unlocking":"","type":"","english":"","name":""},"48":{"Id":48,"Lv":48,"period":3,"Dps":200,"showTips":600,"BulletNumber":"","FireFrequency":"","Model":"","Coin":41625,"Bullet":"","unlocking":"","type":"","english":"","name":""},"49":{"Id":49,"Lv":49,"period":3,"Dps":209,"showTips":627,"BulletNumber":"","FireFrequency":"","Model":"","Coin":43340,"Bullet":"","unlocking":"","type":"","english":"","name":""},"50":{"Id":50,"Lv":50,"period":3,"Dps":218,"showTips":654,"BulletNumber":"","FireFrequency":"","Model":"","Coin":45090,"Bullet":"","unlocking":"","type":"","english":"","name":""},"51":{"Id":51,"Lv":51,"period":3,"Dps":227,"showTips":681,"BulletNumber":"","FireFrequency":"","Model":"","Coin":46875,"Bullet":"","unlocking":"","type":"","english":"","name":""},"52":{"Id":52,"Lv":52,"period":3,"Dps":236,"showTips":708,"BulletNumber":"","FireFrequency":"","Model":"","Coin":48695,"Bullet":"","unlocking":"","type":"","english":"","name":""},"53":{"Id":53,"Lv":53,"period":3,"Dps":245,"showTips":735,"BulletNumber":"","FireFrequency":"","Model":"","Coin":50550,"Bullet":"","unlocking":"","type":"","english":"","name":""},"54":{"Id":54,"Lv":54,"period":3,"Dps":254,"showTips":762,"BulletNumber":"","FireFrequency":"","Model":"","Coin":52440,"Bullet":"","unlocking":"","type":"","english":"","name":""},"55":{"Id":55,"Lv":55,"period":3,"Dps":263,"showTips":789,"BulletNumber":"","FireFrequency":"","Model":"","Coin":54365,"Bullet":"","unlocking":"","type":"","english":"","name":""},"56":{"Id":56,"Lv":56,"period":3,"Dps":272,"showTips":816,"BulletNumber":"","FireFrequency":"","Model":"","Coin":56325,"Bullet":"","unlocking":"","type":"","english":"","name":""},"57":{"Id":57,"Lv":57,"period":3,"Dps":281,"showTips":843,"BulletNumber":"","FireFrequency":"","Model":"","Coin":58320,"Bullet":"","unlocking":"","type":"","english":"","name":""},"58":{"Id":58,"Lv":58,"period":3,"Dps":290,"showTips":870,"BulletNumber":"","FireFrequency":"","Model":"","Coin":60350,"Bullet":"","unlocking":"","type":"","english":"","name":""},"59":{"Id":59,"Lv":59,"period":3,"Dps":299,"showTips":897,"BulletNumber":"","FireFrequency":"","Model":"","Coin":62415,"Bullet":"","unlocking":"","type":"","english":"","name":""},"60":{"Id":60,"Lv":60,"period":3,"Dps":308,"showTips":924,"BulletNumber":"","FireFrequency":"","Model":"","Coin":64515,"Bullet":"","unlocking":"","type":"","english":"","name":""},"61":{"Id":61,"Lv":61,"period":3,"Dps":317,"showTips":951,"BulletNumber":"","FireFrequency":"","Model":"","Coin":66650,"Bullet":"","unlocking":"","type":"","english":"","name":""},"62":{"Id":62,"Lv":62,"period":3,"Dps":326,"showTips":978,"BulletNumber":"","FireFrequency":"","Model":"","Coin":68820,"Bullet":"","unlocking":"","type":"","english":"","name":""},"63":{"Id":63,"Lv":63,"period":3,"Dps":335,"showTips":1005,"BulletNumber":"","FireFrequency":"","Model":"","Coin":71025,"Bullet":"","unlocking":"","type":"","english":"","name":""},"64":{"Id":64,"Lv":64,"period":3,"Dps":344,"showTips":1032,"BulletNumber":"","FireFrequency":"","Model":"","Coin":73265,"Bullet":"","unlocking":"","type":"","english":"","name":""},"65":{"Id":65,"Lv":65,"period":3,"Dps":353,"showTips":1059,"BulletNumber":"","FireFrequency":"","Model":"","Coin":75540,"Bullet":"","unlocking":"","type":"","english":"","name":""},"66":{"Id":66,"Lv":66,"period":3,"Dps":362,"showTips":1086,"BulletNumber":"","FireFrequency":"","Model":"","Coin":77850,"Bullet":"","unlocking":"","type":"","english":"","name":""},"67":{"Id":67,"Lv":67,"period":3,"Dps":371,"showTips":1113,"BulletNumber":"","FireFrequency":"","Model":"","Coin":80195,"Bullet":"","unlocking":"","type":"","english":"","name":""},"68":{"Id":68,"Lv":68,"period":3,"Dps":380,"showTips":1140,"BulletNumber":"","FireFrequency":"","Model":"","Coin":82575,"Bullet":"","unlocking":"","type":"","english":"","name":""},"69":{"Id":69,"Lv":69,"period":3,"Dps":389,"showTips":1167,"BulletNumber":"","FireFrequency":"","Model":"","Coin":84990,"Bullet":"","unlocking":"","type":"","english":"","name":""},"70":{"Id":70,"Lv":70,"period":3,"Dps":398,"showTips":1194,"BulletNumber":"","FireFrequency":"","Model":"","Coin":87440,"Bullet":"","unlocking":"","type":"","english":"","name":""},"71":{"Id":71,"Lv":71,"period":3,"Dps":407,"showTips":1221,"BulletNumber":"","FireFrequency":"","Model":"","Coin":89925,"Bullet":"","unlocking":"","type":"","english":"","name":""},"72":{"Id":72,"Lv":72,"period":3,"Dps":416,"showTips":1248,"BulletNumber":"","FireFrequency":"","Model":"","Coin":92445,"Bullet":"","unlocking":"","type":"","english":"","name":""},"73":{"Id":73,"Lv":73,"period":3,"Dps":425,"showTips":1275,"BulletNumber":"","FireFrequency":"","Model":"","Coin":95000,"Bullet":"","unlocking":"","type":"","english":"","name":""},"74":{"Id":74,"Lv":74,"period":3,"Dps":434,"showTips":1302,"BulletNumber":"","FireFrequency":"","Model":"","Coin":97590,"Bullet":"","unlocking":"","type":"","english":"","name":""},"75":{"Id":75,"Lv":75,"period":3,"Dps":443,"showTips":1329,"BulletNumber":"","FireFrequency":"","Model":"","Coin":100215,"Bullet":"","unlocking":"","type":"","english":"","name":""},"76":{"Id":76,"Lv":76,"period":3,"Dps":452,"showTips":1356,"BulletNumber":"","FireFrequency":"","Model":"","Coin":102875,"Bullet":"","unlocking":"","type":"","english":"","name":""},"77":{"Id":77,"Lv":77,"period":3,"Dps":461,"showTips":1383,"BulletNumber":"","FireFrequency":"","Model":"","Coin":105570,"Bullet":"","unlocking":"","type":"","english":"","name":""},"78":{"Id":78,"Lv":78,"period":3,"Dps":470,"showTips":1410,"BulletNumber":"","FireFrequency":"","Model":"","Coin":108300,"Bullet":"","unlocking":"","type":"","english":"","name":""},"79":{"Id":79,"Lv":79,"period":3,"Dps":479,"showTips":1437,"BulletNumber":"","FireFrequency":"","Model":"","Coin":111065,"Bullet":"","unlocking":"","type":"","english":"","name":""},"80":{"Id":80,"Lv":80,"period":3,"Dps":488,"showTips":1464,"BulletNumber":"","FireFrequency":"","Model":"","Coin":113865,"Bullet":"","unlocking":"","type":"","english":"","name":""},"81":{"Id":81,"Lv":81,"period":3,"Dps":497,"showTips":1491,"BulletNumber":"","FireFrequency":"","Model":"","Coin":116700,"Bullet":"","unlocking":"","type":"","english":"","name":""},"82":{"Id":82,"Lv":82,"period":3,"Dps":506,"showTips":1518,"BulletNumber":"","FireFrequency":"","Model":"","Coin":119570,"Bullet":"","unlocking":"","type":"","english":"","name":""},"83":{"Id":83,"Lv":83,"period":3,"Dps":515,"showTips":1545,"BulletNumber":"","FireFrequency":"","Model":"","Coin":122475,"Bullet":"","unlocking":"","type":"","english":"","name":""},"84":{"Id":84,"Lv":84,"period":3,"Dps":524,"showTips":1572,"BulletNumber":"","FireFrequency":"","Model":"","Coin":125415,"Bullet":"","unlocking":"","type":"","english":"","name":""},"85":{"Id":85,"Lv":85,"period":3,"Dps":533,"showTips":1599,"BulletNumber":"","FireFrequency":"","Model":"","Coin":128390,"Bullet":"","unlocking":"","type":"","english":"","name":""},"86":{"Id":86,"Lv":86,"period":3,"Dps":542,"showTips":1626,"BulletNumber":"","FireFrequency":"","Model":"","Coin":131400,"Bullet":"","unlocking":"","type":"","english":"","name":""},"87":{"Id":87,"Lv":87,"period":3,"Dps":551,"showTips":1653,"BulletNumber":"","FireFrequency":"","Model":"","Coin":134445,"Bullet":"","unlocking":"","type":"","english":"","name":""},"88":{"Id":88,"Lv":88,"period":3,"Dps":560,"showTips":1680,"BulletNumber":"","FireFrequency":"","Model":"","Coin":137525,"Bullet":"","unlocking":"","type":"","english":"","name":""},"89":{"Id":89,"Lv":89,"period":3,"Dps":569,"showTips":1707,"BulletNumber":"","FireFrequency":"","Model":"","Coin":140640,"Bullet":"","unlocking":"","type":"","english":"","name":""},"90":{"Id":90,"Lv":90,"period":3,"Dps":578,"showTips":1734,"BulletNumber":"","FireFrequency":"","Model":"","Coin":143790,"Bullet":"","unlocking":"","type":"","english":"","name":""},"91":{"Id":91,"Lv":91,"period":3,"Dps":587,"showTips":1761,"BulletNumber":"","FireFrequency":"","Model":"","Coin":146975,"Bullet":"","unlocking":"","type":"","english":"","name":""},"92":{"Id":92,"Lv":92,"period":3,"Dps":596,"showTips":1788,"BulletNumber":"","FireFrequency":"","Model":"","Coin":150195,"Bullet":"","unlocking":"","type":"","english":"","name":""},"93":{"Id":93,"Lv":93,"period":3,"Dps":605,"showTips":1815,"BulletNumber":"","FireFrequency":"","Model":"","Coin":153450,"Bullet":"","unlocking":"","type":"","english":"","name":""},"94":{"Id":94,"Lv":94,"period":3,"Dps":614,"showTips":1842,"BulletNumber":"","FireFrequency":"","Model":"","Coin":156740,"Bullet":"","unlocking":"","type":"","english":"","name":""},"95":{"Id":95,"Lv":95,"period":3,"Dps":623,"showTips":1869,"BulletNumber":"","FireFrequency":"","Model":"","Coin":160065,"Bullet":"","unlocking":"","type":"","english":"","name":""},"96":{"Id":96,"Lv":96,"period":3,"Dps":632,"showTips":1896,"BulletNumber":"","FireFrequency":"","Model":"","Coin":163425,"Bullet":"","unlocking":"","type":"","english":"","name":""},"97":{"Id":97,"Lv":97,"period":3,"Dps":641,"showTips":1923,"BulletNumber":"","FireFrequency":"","Model":"","Coin":166820,"Bullet":"","unlocking":"","type":"","english":"","name":""},"98":{"Id":98,"Lv":98,"period":3,"Dps":641,"showTips":1923,"BulletNumber":"","FireFrequency":"","Model":"","Coin":170250,"Bullet":"","unlocking":"","type":"","english":"","name":""},"99":{"Id":99,"Lv":99,"period":3,"Dps":641,"showTips":1923,"BulletNumber":"","FireFrequency":"","Model":"","Coin":173715,"Bullet":"","unlocking":"","type":"","english":"","name":""},"100":{"Id":100,"Lv":100,"period":3,"Dps":641,"showTips":1923,"BulletNumber":"","FireFrequency":"","Model":"","Coin":177215,"Bullet":"","unlocking":"","type":"","english":"","name":""}},"5":{"1":{"Id":1,"Lv":1,"period":1,"Dps":30,"showTips":90,"BulletNumber":1,"FireFrequency":900,"Model":"ui_aircraft/p_aircarft_4.png","Coin":880,"Bullet":9,"unlocking":150,"type":3,"english":"追踪导弹","name":"追踪导弹"},"2":{"Id":2,"Lv":2,"period":1,"Dps":31,"showTips":93,"BulletNumber":"","FireFrequency":"","Model":"","Coin":940,"Bullet":"","unlocking":"","type":"","english":"","name":""},"3":{"Id":3,"Lv":3,"period":1,"Dps":32,"showTips":96,"BulletNumber":"","FireFrequency":"","Model":"","Coin":1030,"Bullet":"","unlocking":"","type":"","english":"","name":""},"4":{"Id":4,"Lv":4,"period":1,"Dps":33,"showTips":99,"BulletNumber":"","FireFrequency":"","Model":"","Coin":1150,"Bullet":"","unlocking":"","type":"","english":"","name":""},"5":{"Id":5,"Lv":5,"period":1,"Dps":34,"showTips":102,"BulletNumber":"","FireFrequency":"","Model":"","Coin":1300,"Bullet":"","unlocking":"","type":"","english":"","name":""},"6":{"Id":6,"Lv":6,"period":1,"Dps":35,"showTips":105,"BulletNumber":"","FireFrequency":"","Model":"","Coin":1480,"Bullet":"","unlocking":"","type":"","english":"","name":""},"7":{"Id":7,"Lv":7,"period":1,"Dps":36,"showTips":108,"BulletNumber":"","FireFrequency":"","Model":"","Coin":1690,"Bullet":"","unlocking":"","type":"","english":"","name":""},"8":{"Id":8,"Lv":8,"period":1,"Dps":37,"showTips":111,"BulletNumber":"","FireFrequency":"","Model":"","Coin":1930,"Bullet":"","unlocking":"","type":"","english":"","name":""},"9":{"Id":9,"Lv":9,"period":1,"Dps":38,"showTips":114,"BulletNumber":"","FireFrequency":"","Model":"","Coin":2200,"Bullet":"","unlocking":"","type":"","english":"","name":""},"10":{"Id":10,"Lv":10,"period":1,"Dps":39,"showTips":117,"BulletNumber":"","FireFrequency":"","Model":"","Coin":2500,"Bullet":"","unlocking":"","type":"","english":"","name":""},"11":{"Id":11,"Lv":11,"period":1,"Dps":40,"showTips":120,"BulletNumber":"","FireFrequency":"","Model":"","Coin":2830,"Bullet":"","unlocking":"","type":"","english":"","name":""},"12":{"Id":12,"Lv":12,"period":1,"Dps":41,"showTips":123,"BulletNumber":"","FireFrequency":"","Model":"","Coin":3190,"Bullet":"","unlocking":"","type":"","english":"","name":""},"13":{"Id":13,"Lv":13,"period":1,"Dps":42,"showTips":126,"BulletNumber":"","FireFrequency":"","Model":"","Coin":3580,"Bullet":"","unlocking":"","type":"","english":"","name":""},"14":{"Id":14,"Lv":14,"period":1,"Dps":43,"showTips":129,"BulletNumber":"","FireFrequency":"","Model":"","Coin":4000,"Bullet":"","unlocking":"","type":"","english":"","name":""},"15":{"Id":15,"Lv":15,"period":1,"Dps":44,"showTips":132,"BulletNumber":"","FireFrequency":"","Model":"","Coin":4450,"Bullet":"","unlocking":"","type":"","english":"","name":""},"16":{"Id":16,"Lv":16,"period":1,"Dps":45,"showTips":135,"BulletNumber":"","FireFrequency":"","Model":"","Coin":4930,"Bullet":"","unlocking":"","type":"","english":"","name":""},"17":{"Id":17,"Lv":17,"period":1,"Dps":46,"showTips":138,"BulletNumber":"","FireFrequency":"","Model":"","Coin":5440,"Bullet":"","unlocking":"","type":"","english":"","name":""},"18":{"Id":18,"Lv":18,"period":1,"Dps":48,"showTips":144,"BulletNumber":"","FireFrequency":"","Model":"","Coin":5980,"Bullet":"","unlocking":"","type":"","english":"","name":""},"19":{"Id":19,"Lv":19,"period":1,"Dps":50,"showTips":150,"BulletNumber":"","FireFrequency":"","Model":"","Coin":6550,"Bullet":"","unlocking":"","type":"","english":"","name":""},"20":{"Id":20,"Lv":20,"period":1,"Dps":52,"showTips":156,"BulletNumber":"","FireFrequency":"","Model":"","Coin":7150,"Bullet":"","unlocking":"","type":"","english":"","name":""},"21":{"Id":21,"Lv":21,"period":2,"Dps":56,"showTips":168,"BulletNumber":"","FireFrequency":"","Model":"","Coin":7780,"Bullet":"","unlocking":"","type":"","english":"","name":""},"22":{"Id":22,"Lv":22,"period":2,"Dps":60,"showTips":180,"BulletNumber":"","FireFrequency":"","Model":"","Coin":8440,"Bullet":"","unlocking":"","type":"","english":"","name":""},"23":{"Id":23,"Lv":23,"period":2,"Dps":64,"showTips":192,"BulletNumber":"","FireFrequency":"","Model":"","Coin":9130,"Bullet":"","unlocking":"","type":"","english":"","name":""},"24":{"Id":24,"Lv":24,"period":2,"Dps":68,"showTips":204,"BulletNumber":"","FireFrequency":"","Model":"","Coin":9850,"Bullet":"","unlocking":"","type":"","english":"","name":""},"25":{"Id":25,"Lv":25,"period":2,"Dps":72,"showTips":216,"BulletNumber":"","FireFrequency":"","Model":"","Coin":10600,"Bullet":"","unlocking":"","type":"","english":"","name":""},"26":{"Id":26,"Lv":26,"period":2,"Dps":76,"showTips":228,"BulletNumber":"","FireFrequency":"","Model":"","Coin":11380,"Bullet":"","unlocking":"","type":"","english":"","name":""},"27":{"Id":27,"Lv":27,"period":2,"Dps":80,"showTips":240,"BulletNumber":"","FireFrequency":"","Model":"","Coin":12190,"Bullet":"","unlocking":"","type":"","english":"","name":""},"28":{"Id":28,"Lv":28,"period":2,"Dps":84,"showTips":252,"BulletNumber":"","FireFrequency":"","Model":"","Coin":13030,"Bullet":"","unlocking":"","type":"","english":"","name":""},"29":{"Id":29,"Lv":29,"period":2,"Dps":88,"showTips":264,"BulletNumber":"","FireFrequency":"","Model":"","Coin":13900,"Bullet":"","unlocking":"","type":"","english":"","name":""},"30":{"Id":30,"Lv":30,"period":2,"Dps":92,"showTips":276,"BulletNumber":"","FireFrequency":"","Model":"","Coin":14800,"Bullet":"","unlocking":"","type":"","english":"","name":""},"31":{"Id":31,"Lv":31,"period":2,"Dps":96,"showTips":288,"BulletNumber":"","FireFrequency":"","Model":"","Coin":15730,"Bullet":"","unlocking":"","type":"","english":"","name":""},"32":{"Id":32,"Lv":32,"period":2,"Dps":100,"showTips":300,"BulletNumber":"","FireFrequency":"","Model":"","Coin":16690,"Bullet":"","unlocking":"","type":"","english":"","name":""},"33":{"Id":33,"Lv":33,"period":2,"Dps":104,"showTips":312,"BulletNumber":"","FireFrequency":"","Model":"","Coin":17680,"Bullet":"","unlocking":"","type":"","english":"","name":""},"34":{"Id":34,"Lv":34,"period":2,"Dps":108,"showTips":324,"BulletNumber":"","FireFrequency":"","Model":"","Coin":18700,"Bullet":"","unlocking":"","type":"","english":"","name":""},"35":{"Id":35,"Lv":35,"period":2,"Dps":112,"showTips":336,"BulletNumber":"","FireFrequency":"","Model":"","Coin":19750,"Bullet":"","unlocking":"","type":"","english":"","name":""},"36":{"Id":36,"Lv":36,"period":2,"Dps":116,"showTips":348,"BulletNumber":"","FireFrequency":"","Model":"","Coin":20830,"Bullet":"","unlocking":"","type":"","english":"","name":""},"37":{"Id":37,"Lv":37,"period":2,"Dps":120,"showTips":360,"BulletNumber":"","FireFrequency":"","Model":"","Coin":21940,"Bullet":"","unlocking":"","type":"","english":"","name":""},"38":{"Id":38,"Lv":38,"period":2,"Dps":126,"showTips":378,"BulletNumber":"","FireFrequency":"","Model":"","Coin":23080,"Bullet":"","unlocking":"","type":"","english":"","name":""},"39":{"Id":39,"Lv":39,"period":2,"Dps":132,"showTips":396,"BulletNumber":"","FireFrequency":"","Model":"","Coin":24250,"Bullet":"","unlocking":"","type":"","english":"","name":""},"40":{"Id":40,"Lv":40,"period":2,"Dps":138,"showTips":414,"BulletNumber":"","FireFrequency":"","Model":"","Coin":25450,"Bullet":"","unlocking":"","type":"","english":"","name":""},"41":{"Id":41,"Lv":41,"period":3,"Dps":147,"showTips":441,"BulletNumber":"","FireFrequency":"","Model":"","Coin":26680,"Bullet":"","unlocking":"","type":"","english":"","name":""},"42":{"Id":42,"Lv":42,"period":3,"Dps":156,"showTips":468,"BulletNumber":"","FireFrequency":"","Model":"","Coin":27940,"Bullet":"","unlocking":"","type":"","english":"","name":""},"43":{"Id":43,"Lv":43,"period":3,"Dps":165,"showTips":495,"BulletNumber":"","FireFrequency":"","Model":"","Coin":29230,"Bullet":"","unlocking":"","type":"","english":"","name":""},"44":{"Id":44,"Lv":44,"period":3,"Dps":174,"showTips":522,"BulletNumber":"","FireFrequency":"","Model":"","Coin":30550,"Bullet":"","unlocking":"","type":"","english":"","name":""},"45":{"Id":45,"Lv":45,"period":3,"Dps":183,"showTips":549,"BulletNumber":"","FireFrequency":"","Model":"","Coin":31900,"Bullet":"","unlocking":"","type":"","english":"","name":""},"46":{"Id":46,"Lv":46,"period":3,"Dps":192,"showTips":576,"BulletNumber":"","FireFrequency":"","Model":"","Coin":33280,"Bullet":"","unlocking":"","type":"","english":"","name":""},"47":{"Id":47,"Lv":47,"period":3,"Dps":201,"showTips":603,"BulletNumber":"","FireFrequency":"","Model":"","Coin":34690,"Bullet":"","unlocking":"","type":"","english":"","name":""},"48":{"Id":48,"Lv":48,"period":3,"Dps":210,"showTips":630,"BulletNumber":"","FireFrequency":"","Model":"","Coin":36130,"Bullet":"","unlocking":"","type":"","english":"","name":""},"49":{"Id":49,"Lv":49,"period":3,"Dps":219,"showTips":657,"BulletNumber":"","FireFrequency":"","Model":"","Coin":37600,"Bullet":"","unlocking":"","type":"","english":"","name":""},"50":{"Id":50,"Lv":50,"period":3,"Dps":228,"showTips":684,"BulletNumber":"","FireFrequency":"","Model":"","Coin":39100,"Bullet":"","unlocking":"","type":"","english":"","name":""},"51":{"Id":51,"Lv":51,"period":3,"Dps":237,"showTips":711,"BulletNumber":"","FireFrequency":"","Model":"","Coin":40630,"Bullet":"","unlocking":"","type":"","english":"","name":""},"52":{"Id":52,"Lv":52,"period":3,"Dps":246,"showTips":738,"BulletNumber":"","FireFrequency":"","Model":"","Coin":42190,"Bullet":"","unlocking":"","type":"","english":"","name":""},"53":{"Id":53,"Lv":53,"period":3,"Dps":255,"showTips":765,"BulletNumber":"","FireFrequency":"","Model":"","Coin":43780,"Bullet":"","unlocking":"","type":"","english":"","name":""},"54":{"Id":54,"Lv":54,"period":3,"Dps":264,"showTips":792,"BulletNumber":"","FireFrequency":"","Model":"","Coin":45400,"Bullet":"","unlocking":"","type":"","english":"","name":""},"55":{"Id":55,"Lv":55,"period":3,"Dps":273,"showTips":819,"BulletNumber":"","FireFrequency":"","Model":"","Coin":47050,"Bullet":"","unlocking":"","type":"","english":"","name":""},"56":{"Id":56,"Lv":56,"period":3,"Dps":282,"showTips":846,"BulletNumber":"","FireFrequency":"","Model":"","Coin":48730,"Bullet":"","unlocking":"","type":"","english":"","name":""},"57":{"Id":57,"Lv":57,"period":3,"Dps":291,"showTips":873,"BulletNumber":"","FireFrequency":"","Model":"","Coin":50440,"Bullet":"","unlocking":"","type":"","english":"","name":""},"58":{"Id":58,"Lv":58,"period":3,"Dps":300,"showTips":900,"BulletNumber":"","FireFrequency":"","Model":"","Coin":52180,"Bullet":"","unlocking":"","type":"","english":"","name":""},"59":{"Id":59,"Lv":59,"period":3,"Dps":309,"showTips":927,"BulletNumber":"","FireFrequency":"","Model":"","Coin":53950,"Bullet":"","unlocking":"","type":"","english":"","name":""},"60":{"Id":60,"Lv":60,"period":3,"Dps":318,"showTips":954,"BulletNumber":"","FireFrequency":"","Model":"","Coin":55750,"Bullet":"","unlocking":"","type":"","english":"","name":""},"61":{"Id":61,"Lv":61,"period":3,"Dps":327,"showTips":981,"BulletNumber":"","FireFrequency":"","Model":"","Coin":57580,"Bullet":"","unlocking":"","type":"","english":"","name":""},"62":{"Id":62,"Lv":62,"period":3,"Dps":336,"showTips":1008,"BulletNumber":"","FireFrequency":"","Model":"","Coin":59440,"Bullet":"","unlocking":"","type":"","english":"","name":""},"63":{"Id":63,"Lv":63,"period":3,"Dps":345,"showTips":1035,"BulletNumber":"","FireFrequency":"","Model":"","Coin":61330,"Bullet":"","unlocking":"","type":"","english":"","name":""},"64":{"Id":64,"Lv":64,"period":3,"Dps":354,"showTips":1062,"BulletNumber":"","FireFrequency":"","Model":"","Coin":63250,"Bullet":"","unlocking":"","type":"","english":"","name":""},"65":{"Id":65,"Lv":65,"period":3,"Dps":363,"showTips":1089,"BulletNumber":"","FireFrequency":"","Model":"","Coin":65200,"Bullet":"","unlocking":"","type":"","english":"","name":""},"66":{"Id":66,"Lv":66,"period":3,"Dps":372,"showTips":1116,"BulletNumber":"","FireFrequency":"","Model":"","Coin":67180,"Bullet":"","unlocking":"","type":"","english":"","name":""},"67":{"Id":67,"Lv":67,"period":3,"Dps":381,"showTips":1143,"BulletNumber":"","FireFrequency":"","Model":"","Coin":69190,"Bullet":"","unlocking":"","type":"","english":"","name":""},"68":{"Id":68,"Lv":68,"period":3,"Dps":390,"showTips":1170,"BulletNumber":"","FireFrequency":"","Model":"","Coin":71230,"Bullet":"","unlocking":"","type":"","english":"","name":""},"69":{"Id":69,"Lv":69,"period":3,"Dps":399,"showTips":1197,"BulletNumber":"","FireFrequency":"","Model":"","Coin":73300,"Bullet":"","unlocking":"","type":"","english":"","name":""},"70":{"Id":70,"Lv":70,"period":3,"Dps":408,"showTips":1224,"BulletNumber":"","FireFrequency":"","Model":"","Coin":75400,"Bullet":"","unlocking":"","type":"","english":"","name":""},"71":{"Id":71,"Lv":71,"period":3,"Dps":417,"showTips":1251,"BulletNumber":"","FireFrequency":"","Model":"","Coin":77530,"Bullet":"","unlocking":"","type":"","english":"","name":""},"72":{"Id":72,"Lv":72,"period":3,"Dps":426,"showTips":1278,"BulletNumber":"","FireFrequency":"","Model":"","Coin":79690,"Bullet":"","unlocking":"","type":"","english":"","name":""},"73":{"Id":73,"Lv":73,"period":3,"Dps":435,"showTips":1305,"BulletNumber":"","FireFrequency":"","Model":"","Coin":81880,"Bullet":"","unlocking":"","type":"","english":"","name":""},"74":{"Id":74,"Lv":74,"period":3,"Dps":444,"showTips":1332,"BulletNumber":"","FireFrequency":"","Model":"","Coin":84100,"Bullet":"","unlocking":"","type":"","english":"","name":""},"75":{"Id":75,"Lv":75,"period":3,"Dps":453,"showTips":1359,"BulletNumber":"","FireFrequency":"","Model":"","Coin":86350,"Bullet":"","unlocking":"","type":"","english":"","name":""},"76":{"Id":76,"Lv":76,"period":3,"Dps":462,"showTips":1386,"BulletNumber":"","FireFrequency":"","Model":"","Coin":88630,"Bullet":"","unlocking":"","type":"","english":"","name":""},"77":{"Id":77,"Lv":77,"period":3,"Dps":471,"showTips":1413,"BulletNumber":"","FireFrequency":"","Model":"","Coin":90940,"Bullet":"","unlocking":"","type":"","english":"","name":""},"78":{"Id":78,"Lv":78,"period":3,"Dps":480,"showTips":1440,"BulletNumber":"","FireFrequency":"","Model":"","Coin":93280,"Bullet":"","unlocking":"","type":"","english":"","name":""},"79":{"Id":79,"Lv":79,"period":3,"Dps":489,"showTips":1467,"BulletNumber":"","FireFrequency":"","Model":"","Coin":95650,"Bullet":"","unlocking":"","type":"","english":"","name":""},"80":{"Id":80,"Lv":80,"period":3,"Dps":498,"showTips":1494,"BulletNumber":"","FireFrequency":"","Model":"","Coin":98050,"Bullet":"","unlocking":"","type":"","english":"","name":""},"81":{"Id":81,"Lv":81,"period":3,"Dps":507,"showTips":1521,"BulletNumber":"","FireFrequency":"","Model":"","Coin":100480,"Bullet":"","unlocking":"","type":"","english":"","name":""},"82":{"Id":82,"Lv":82,"period":3,"Dps":516,"showTips":1548,"BulletNumber":"","FireFrequency":"","Model":"","Coin":102940,"Bullet":"","unlocking":"","type":"","english":"","name":""},"83":{"Id":83,"Lv":83,"period":3,"Dps":525,"showTips":1575,"BulletNumber":"","FireFrequency":"","Model":"","Coin":105430,"Bullet":"","unlocking":"","type":"","english":"","name":""},"84":{"Id":84,"Lv":84,"period":3,"Dps":534,"showTips":1602,"BulletNumber":"","FireFrequency":"","Model":"","Coin":107950,"Bullet":"","unlocking":"","type":"","english":"","name":""},"85":{"Id":85,"Lv":85,"period":3,"Dps":543,"showTips":1629,"BulletNumber":"","FireFrequency":"","Model":"","Coin":110500,"Bullet":"","unlocking":"","type":"","english":"","name":""},"86":{"Id":86,"Lv":86,"period":3,"Dps":552,"showTips":1656,"BulletNumber":"","FireFrequency":"","Model":"","Coin":113080,"Bullet":"","unlocking":"","type":"","english":"","name":""},"87":{"Id":87,"Lv":87,"period":3,"Dps":561,"showTips":1683,"BulletNumber":"","FireFrequency":"","Model":"","Coin":115690,"Bullet":"","unlocking":"","type":"","english":"","name":""},"88":{"Id":88,"Lv":88,"period":3,"Dps":570,"showTips":1710,"BulletNumber":"","FireFrequency":"","Model":"","Coin":118330,"Bullet":"","unlocking":"","type":"","english":"","name":""},"89":{"Id":89,"Lv":89,"period":3,"Dps":579,"showTips":1737,"BulletNumber":"","FireFrequency":"","Model":"","Coin":121000,"Bullet":"","unlocking":"","type":"","english":"","name":""},"90":{"Id":90,"Lv":90,"period":3,"Dps":588,"showTips":1764,"BulletNumber":"","FireFrequency":"","Model":"","Coin":123700,"Bullet":"","unlocking":"","type":"","english":"","name":""},"91":{"Id":91,"Lv":91,"period":3,"Dps":597,"showTips":1791,"BulletNumber":"","FireFrequency":"","Model":"","Coin":126430,"Bullet":"","unlocking":"","type":"","english":"","name":""},"92":{"Id":92,"Lv":92,"period":3,"Dps":606,"showTips":1818,"BulletNumber":"","FireFrequency":"","Model":"","Coin":129190,"Bullet":"","unlocking":"","type":"","english":"","name":""},"93":{"Id":93,"Lv":93,"period":3,"Dps":615,"showTips":1845,"BulletNumber":"","FireFrequency":"","Model":"","Coin":131980,"Bullet":"","unlocking":"","type":"","english":"","name":""},"94":{"Id":94,"Lv":94,"period":3,"Dps":624,"showTips":1872,"BulletNumber":"","FireFrequency":"","Model":"","Coin":134800,"Bullet":"","unlocking":"","type":"","english":"","name":""},"95":{"Id":95,"Lv":95,"period":3,"Dps":633,"showTips":1899,"BulletNumber":"","FireFrequency":"","Model":"","Coin":137650,"Bullet":"","unlocking":"","type":"","english":"","name":""},"96":{"Id":96,"Lv":96,"period":3,"Dps":642,"showTips":1926,"BulletNumber":"","FireFrequency":"","Model":"","Coin":140530,"Bullet":"","unlocking":"","type":"","english":"","name":""},"97":{"Id":97,"Lv":97,"period":3,"Dps":651,"showTips":1953,"BulletNumber":"","FireFrequency":"","Model":"","Coin":143440,"Bullet":"","unlocking":"","type":"","english":"","name":""},"98":{"Id":98,"Lv":98,"period":3,"Dps":651,"showTips":1953,"BulletNumber":"","FireFrequency":"","Model":"","Coin":146380,"Bullet":"","unlocking":"","type":"","english":"","name":""},"99":{"Id":99,"Lv":99,"period":3,"Dps":651,"showTips":1953,"BulletNumber":"","FireFrequency":"","Model":"","Coin":149350,"Bullet":"","unlocking":"","type":"","english":"","name":""},"100":{"Id":100,"Lv":100,"period":3,"Dps":651,"showTips":1953,"BulletNumber":"","FireFrequency":"","Model":"","Coin":152350,"Bullet":"","unlocking":"","type":"","english":"","name":""}}}