{"baseMainWeapons":{"1":{"mainWeaponId":1,"lv":1,"upNLv":1,"pre_lv":1,"base_damage":8,"showTips":24,"cost":500,"fireFrequency":130,"bulletNumber":1,"mainWeaponModel":"ui_weapons/main_weapons_1.png","bullet":2,"weapons_count":1,"main_3dModel":1,"main_ballistic_id":1},"2":{"mainWeaponId":2,"lv":2,"upNLv":2,"pre_lv":3,"base_damage":10,"showTips":30,"cost":1200,"fireFrequency":130,"bulletNumber":2,"mainWeaponModel":"ui_weapons/main_weapons_1.png","bullet":3,"weapons_count":1,"main_3dModel":1,"main_ballistic_id":2},"3":{"mainWeaponId":3,"lv":3,"upNLv":2,"pre_lv":5,"base_damage":12,"showTips":36,"cost":1600,"fireFrequency":130,"bulletNumber":2,"mainWeaponModel":"ui_weapons/main_weapons_1.png","bullet":4,"weapons_count":1,"main_3dModel":1,"main_ballistic_id":2},"4":{"mainWeaponId":4,"lv":4,"upNLv":2,"pre_lv":7,"base_damage":14,"showTips":42,"cost":1600,"fireFrequency":130,"bulletNumber":2,"mainWeaponModel":"ui_weapons/main_weapons_1.png","bullet":5,"weapons_count":1,"main_3dModel":1,"main_ballistic_id":2},"5":{"mainWeaponId":5,"lv":5,"upNLv":2.5,"pre_lv":9.5,"base_damage":16,"showTips":48,"cost":2000,"fireFrequency":130,"bulletNumber":3,"mainWeaponModel":"ui_weapons/main_weapons_1.png","bullet":2,"weapons_count":1,"main_3dModel":1,"main_ballistic_id":3},"6":{"mainWeaponId":6,"lv":6,"upNLv":2.5,"pre_lv":12,"base_damage":18,"showTips":54,"cost":2200,"fireFrequency":130,"bulletNumber":2,"mainWeaponModel":"ui_weapons/main_weapons_2.png","bullet":3,"weapons_count":1,"main_3dModel":2,"main_ballistic_id":2},"7":{"mainWeaponId":7,"lv":7,"upNLv":2.5,"pre_lv":14.5,"base_damage":20,"showTips":60,"cost":2200,"fireFrequency":130,"bulletNumber":2,"mainWeaponModel":"ui_weapons/main_weapons_2.png","bullet":4,"weapons_count":1,"main_3dModel":2,"main_ballistic_id":2},"8":{"mainWeaponId":8,"lv":8,"upNLv":2.5,"pre_lv":17,"base_damage":22,"showTips":66,"cost":2400,"fireFrequency":130,"bulletNumber":2,"mainWeaponModel":"ui_weapons/main_weapons_2.png","bullet":5,"weapons_count":1,"main_3dModel":2,"main_ballistic_id":2},"9":{"mainWeaponId":9,"lv":9,"upNLv":2.5,"pre_lv":19.5,"base_damage":24,"showTips":72,"cost":2400,"fireFrequency":130,"bulletNumber":2,"mainWeaponModel":"ui_weapons/main_weapons_2.png","bullet":2,"weapons_count":1,"main_3dModel":2,"main_ballistic_id":2},"10":{"mainWeaponId":10,"lv":10,"upNLv":2.5,"pre_lv":22,"base_damage":26,"showTips":78,"cost":2600,"fireFrequency":130,"bulletNumber":3,"mainWeaponModel":"ui_weapons/main_weapons_2.png","bullet":3,"weapons_count":1,"main_3dModel":2,"main_ballistic_id":2},"11":{"mainWeaponId":11,"lv":11,"upNLv":2.5,"pre_lv":24.5,"base_damage":28,"showTips":84,"cost":2600,"fireFrequency":130,"bulletNumber":2,"mainWeaponModel":"ui_weapons/main_weapons_3.png","bullet":6,"weapons_count":2,"main_3dModel":3,"main_ballistic_id":1},"12":{"mainWeaponId":12,"lv":12,"upNLv":2.5,"pre_lv":27,"base_damage":30,"showTips":90,"cost":2800,"fireFrequency":130,"bulletNumber":2,"mainWeaponModel":"ui_weapons/main_weapons_3.png","bullet":7,"weapons_count":2,"main_3dModel":3,"main_ballistic_id":1},"13":{"mainWeaponId":13,"lv":13,"upNLv":2.5,"pre_lv":29.5,"base_damage":32,"showTips":96,"cost":2800,"fireFrequency":130,"bulletNumber":2,"mainWeaponModel":"ui_weapons/main_weapons_3.png","bullet":8,"weapons_count":2,"main_3dModel":3,"main_ballistic_id":1},"14":{"mainWeaponId":14,"lv":14,"upNLv":2.5,"pre_lv":32,"base_damage":34,"showTips":102,"cost":3000,"fireFrequency":130,"bulletNumber":2,"mainWeaponModel":"ui_weapons/main_weapons_3.png","bullet":14,"weapons_count":2,"main_3dModel":3,"main_ballistic_id":1},"15":{"mainWeaponId":15,"lv":15,"upNLv":3.7,"pre_lv":35.7,"base_damage":37,"showTips":111,"cost":4736,"fireFrequency":130,"bulletNumber":3,"mainWeaponModel":"ui_weapons/main_weapons_3.png","bullet":6,"weapons_count":2,"main_3dModel":3,"main_ballistic_id":1},"16":{"mainWeaponId":16,"lv":16,"upNLv":3.7,"pre_lv":39.4,"base_damage":40,"showTips":120,"cost":4736,"fireFrequency":130,"bulletNumber":3,"mainWeaponModel":"ui_weapons/main_weapons_4.png","bullet":7,"weapons_count":2,"main_3dModel":4,"main_ballistic_id":3},"17":{"mainWeaponId":17,"lv":17,"upNLv":3.7,"pre_lv":43.1,"base_damage":43,"showTips":129,"cost":5032,"fireFrequency":130,"bulletNumber":3,"mainWeaponModel":"ui_weapons/main_weapons_4.png","bullet":8,"weapons_count":2,"main_3dModel":4,"main_ballistic_id":3},"18":{"mainWeaponId":18,"lv":18,"upNLv":3.7,"pre_lv":46.8,"base_damage":46,"showTips":138,"cost":5328,"fireFrequency":130,"bulletNumber":3,"mainWeaponModel":"ui_weapons/main_weapons_4.png","bullet":14,"weapons_count":2,"main_3dModel":4,"main_ballistic_id":3},"19":{"mainWeaponId":19,"lv":19,"upNLv":3.7,"pre_lv":50.5,"base_damage":49,"showTips":147,"cost":5624,"fireFrequency":130,"bulletNumber":3,"mainWeaponModel":"ui_weapons/main_weapons_4.png","bullet":6,"weapons_count":2,"main_3dModel":4,"main_ballistic_id":3},"20":{"mainWeaponId":20,"lv":20,"upNLv":3.7,"pre_lv":54.2,"base_damage":52,"showTips":156,"cost":5624,"fireFrequency":130,"bulletNumber":3,"mainWeaponModel":"ui_weapons/main_weapons_4.png","bullet":7,"weapons_count":2,"main_3dModel":4,"main_ballistic_id":3},"21":{"mainWeaponId":21,"lv":21,"upNLv":3.7,"pre_lv":57.9,"base_damage":55,"showTips":165,"cost":5920,"fireFrequency":130,"bulletNumber":3,"mainWeaponModel":"ui_weapons/main_weapons_5.png","bullet":8,"weapons_count":1,"main_3dModel":5,"main_ballistic_id":2},"22":{"mainWeaponId":22,"lv":22,"upNLv":3.7,"pre_lv":61.6,"base_damage":58,"showTips":174,"cost":6216,"fireFrequency":130,"bulletNumber":3,"mainWeaponModel":"ui_weapons/main_weapons_5.png","bullet":14,"weapons_count":1,"main_3dModel":5,"main_ballistic_id":2},"23":{"mainWeaponId":23,"lv":23,"upNLv":3.7,"pre_lv":65.3,"base_damage":61,"showTips":183,"cost":6512,"fireFrequency":130,"bulletNumber":3,"mainWeaponModel":"ui_weapons/main_weapons_5.png","bullet":6,"weapons_count":1,"main_3dModel":5,"main_ballistic_id":2},"24":{"mainWeaponId":24,"lv":24,"upNLv":3.7,"pre_lv":69,"base_damage":64,"showTips":192,"cost":6512,"fireFrequency":130,"bulletNumber":3,"mainWeaponModel":"ui_weapons/main_weapons_5.png","bullet":7,"weapons_count":1,"main_3dModel":5,"main_ballistic_id":2},"25":{"mainWeaponId":25,"lv":25,"upNLv":3.7,"pre_lv":72.7,"base_damage":67,"showTips":201,"cost":6808,"fireFrequency":130,"bulletNumber":3,"mainWeaponModel":"ui_weapons/main_weapons_5.png","bullet":8,"weapons_count":1,"main_3dModel":5,"main_ballistic_id":2},"26":{"mainWeaponId":26,"lv":26,"upNLv":3.7,"pre_lv":76.4,"base_damage":70,"showTips":210,"cost":7104,"fireFrequency":130,"bulletNumber":2,"mainWeaponModel":"ui_weapons/main_weapons_6.png","bullet":15,"weapons_count":1,"main_3dModel":6,"main_ballistic_id":1},"27":{"mainWeaponId":27,"lv":27,"upNLv":3.7,"pre_lv":80.1,"base_damage":73,"showTips":219,"cost":7400,"fireFrequency":130,"bulletNumber":2,"mainWeaponModel":"ui_weapons/main_weapons_6.png","bullet":16,"weapons_count":1,"main_3dModel":6,"main_ballistic_id":1},"28":{"mainWeaponId":28,"lv":28,"upNLv":3.7,"pre_lv":83.8,"base_damage":76,"showTips":228,"cost":7400,"fireFrequency":130,"bulletNumber":2,"mainWeaponModel":"ui_weapons/main_weapons_6.png","bullet":17,"weapons_count":1,"main_3dModel":6,"main_ballistic_id":1},"29":{"mainWeaponId":29,"lv":29,"upNLv":3.7,"pre_lv":87.5,"base_damage":79,"showTips":237,"cost":7696,"fireFrequency":130,"bulletNumber":2,"mainWeaponModel":"ui_weapons/main_weapons_6.png","bullet":18,"weapons_count":1,"main_3dModel":6,"main_ballistic_id":1},"30":{"mainWeaponId":30,"lv":30,"upNLv":3.7,"pre_lv":91.2,"base_damage":82,"showTips":246,"cost":7992,"fireFrequency":130,"bulletNumber":3,"mainWeaponModel":"ui_weapons/main_weapons_6.png","bullet":15,"weapons_count":1,"main_3dModel":6,"main_ballistic_id":1},"31":{"mainWeaponId":31,"lv":31,"upNLv":3.7,"pre_lv":94.9,"base_damage":85,"showTips":255,"cost":7992,"fireFrequency":130,"bulletNumber":3,"mainWeaponModel":"ui_weapons/main_weapons_7.png","bullet":16,"weapons_count":2,"main_3dModel":7,"main_ballistic_id":3},"32":{"mainWeaponId":32,"lv":32,"upNLv":3.7,"pre_lv":98.6000000000001,"base_damage":88,"showTips":264,"cost":8288,"fireFrequency":130,"bulletNumber":3,"mainWeaponModel":"ui_weapons/main_weapons_7.png","bullet":17,"weapons_count":2,"main_3dModel":7,"main_ballistic_id":3},"33":{"mainWeaponId":33,"lv":33,"upNLv":3.7,"pre_lv":102.3,"base_damage":91,"showTips":273,"cost":8584,"fireFrequency":130,"bulletNumber":3,"mainWeaponModel":"ui_weapons/main_weapons_7.png","bullet":18,"weapons_count":2,"main_3dModel":7,"main_ballistic_id":3},"34":{"mainWeaponId":34,"lv":34,"upNLv":3.7,"pre_lv":106,"base_damage":94,"showTips":282,"cost":8880,"fireFrequency":130,"bulletNumber":3,"mainWeaponModel":"ui_weapons/main_weapons_7.png","bullet":15,"weapons_count":2,"main_3dModel":7,"main_ballistic_id":3},"35":{"mainWeaponId":35,"lv":35,"upNLv":3.7,"pre_lv":109.7,"base_damage":97,"showTips":291,"cost":8880,"fireFrequency":130,"bulletNumber":3,"mainWeaponModel":"ui_weapons/main_weapons_7.png","bullet":16,"weapons_count":2,"main_3dModel":7,"main_ballistic_id":3},"36":{"mainWeaponId":36,"lv":36,"upNLv":3.7,"pre_lv":113.4,"base_damage":100,"showTips":300,"cost":9176,"fireFrequency":130,"bulletNumber":3,"mainWeaponModel":"ui_weapons/main_weapons_8.png","bullet":17,"weapons_count":2,"main_3dModel":8,"main_ballistic_id":2},"37":{"mainWeaponId":37,"lv":37,"upNLv":3.7,"pre_lv":117.1,"base_damage":103,"showTips":309,"cost":9472,"fireFrequency":130,"bulletNumber":3,"mainWeaponModel":"ui_weapons/main_weapons_8.png","bullet":18,"weapons_count":2,"main_3dModel":8,"main_ballistic_id":2},"38":{"mainWeaponId":38,"lv":38,"upNLv":3.7,"pre_lv":120.8,"base_damage":106,"showTips":318,"cost":9768,"fireFrequency":130,"bulletNumber":3,"mainWeaponModel":"ui_weapons/main_weapons_8.png","bullet":15,"weapons_count":2,"main_3dModel":8,"main_ballistic_id":2},"39":{"mainWeaponId":39,"lv":39,"upNLv":3.7,"pre_lv":124.5,"base_damage":109,"showTips":327,"cost":9768,"fireFrequency":130,"bulletNumber":3,"mainWeaponModel":"ui_weapons/main_weapons_8.png","bullet":16,"weapons_count":2,"main_3dModel":8,"main_ballistic_id":2},"40":{"mainWeaponId":40,"lv":40,"upNLv":5,"pre_lv":129.5,"base_damage":113,"showTips":339,"cost":13600,"fireFrequency":130,"bulletNumber":3,"mainWeaponModel":"ui_weapons/main_weapons_8.png","bullet":17,"weapons_count":2,"main_3dModel":8,"main_ballistic_id":2},"41":{"mainWeaponId":41,"lv":41,"upNLv":5,"pre_lv":134.5,"base_damage":117,"showTips":351,"cost":14000,"fireFrequency":200,"bulletNumber":4,"mainWeaponModel":"ui_weapons/main_weapons_9.png","bullet":18,"weapons_count":1,"main_3dModel":9,"main_ballistic_id":4},"42":{"mainWeaponId":42,"lv":42,"upNLv":5,"pre_lv":139.5,"base_damage":121,"showTips":363,"cost":14400,"fireFrequency":200,"bulletNumber":4,"mainWeaponModel":"ui_weapons/main_weapons_9.png","bullet":15,"weapons_count":1,"main_3dModel":9,"main_ballistic_id":4},"43":{"mainWeaponId":43,"lv":43,"upNLv":5,"pre_lv":144.5,"base_damage":125,"showTips":375,"cost":14800,"fireFrequency":200,"bulletNumber":4,"mainWeaponModel":"ui_weapons/main_weapons_9.png","bullet":16,"weapons_count":1,"main_3dModel":9,"main_ballistic_id":4},"44":{"mainWeaponId":44,"lv":44,"upNLv":5,"pre_lv":149.5,"base_damage":129,"showTips":387,"cost":15200,"fireFrequency":200,"bulletNumber":4,"mainWeaponModel":"ui_weapons/main_weapons_9.png","bullet":17,"weapons_count":1,"main_3dModel":9,"main_ballistic_id":4},"45":{"mainWeaponId":45,"lv":45,"upNLv":5,"pre_lv":154.5,"base_damage":133,"showTips":399,"cost":15600,"fireFrequency":200,"bulletNumber":4,"mainWeaponModel":"ui_weapons/main_weapons_9.png","bullet":18,"weapons_count":1,"main_3dModel":9,"main_ballistic_id":4},"46":{"mainWeaponId":46,"lv":46,"upNLv":5,"pre_lv":159.5,"base_damage":137,"showTips":411,"cost":16000,"fireFrequency":200,"bulletNumber":4,"mainWeaponModel":"ui_weapons/main_weapons_10.png","bullet":15,"weapons_count":1,"main_3dModel":10,"main_ballistic_id":5},"47":{"mainWeaponId":47,"lv":47,"upNLv":5,"pre_lv":164.5,"base_damage":141,"showTips":423,"cost":16400,"fireFrequency":200,"bulletNumber":4,"mainWeaponModel":"ui_weapons/main_weapons_10.png","bullet":16,"weapons_count":1,"main_3dModel":10,"main_ballistic_id":5},"48":{"mainWeaponId":48,"lv":48,"upNLv":5,"pre_lv":169.5,"base_damage":145,"showTips":435,"cost":16800,"fireFrequency":200,"bulletNumber":4,"mainWeaponModel":"ui_weapons/main_weapons_10.png","bullet":17,"weapons_count":1,"main_3dModel":10,"main_ballistic_id":5},"49":{"mainWeaponId":49,"lv":49,"upNLv":5,"pre_lv":174.5,"base_damage":149,"showTips":447,"cost":17200,"fireFrequency":200,"bulletNumber":4,"mainWeaponModel":"ui_weapons/main_weapons_10.png","bullet":18,"weapons_count":1,"main_3dModel":10,"main_ballistic_id":5},"50":{"mainWeaponId":50,"lv":50,"upNLv":5,"pre_lv":179.5,"base_damage":153,"showTips":459,"cost":17600,"fireFrequency":200,"bulletNumber":4,"mainWeaponModel":"ui_weapons/main_weapons_10.png","bullet":15,"weapons_count":1,"main_3dModel":10,"main_ballistic_id":5},"51":{"mainWeaponId":51,"lv":51,"upNLv":5,"pre_lv":184.5,"base_damage":157,"showTips":471,"cost":18000,"fireFrequency":130,"bulletNumber":2,"mainWeaponModel":"ui_weapons/main_weapons_11.png","bullet":19,"weapons_count":2,"main_3dModel":11,"main_ballistic_id":1},"52":{"mainWeaponId":52,"lv":52,"upNLv":5,"pre_lv":189.5,"base_damage":161,"showTips":483,"cost":18400,"fireFrequency":130,"bulletNumber":2,"mainWeaponModel":"ui_weapons/main_weapons_11.png","bullet":20,"weapons_count":2,"main_3dModel":11,"main_ballistic_id":1},"53":{"mainWeaponId":53,"lv":53,"upNLv":5,"pre_lv":194.5,"base_damage":165,"showTips":495,"cost":18800,"fireFrequency":130,"bulletNumber":2,"mainWeaponModel":"ui_weapons/main_weapons_11.png","bullet":21,"weapons_count":2,"main_3dModel":11,"main_ballistic_id":1},"54":{"mainWeaponId":54,"lv":54,"upNLv":5,"pre_lv":199.5,"base_damage":169,"showTips":507,"cost":19200,"fireFrequency":130,"bulletNumber":2,"mainWeaponModel":"ui_weapons/main_weapons_11.png","bullet":22,"weapons_count":2,"main_3dModel":11,"main_ballistic_id":1},"55":{"mainWeaponId":55,"lv":55,"upNLv":5,"pre_lv":204.5,"base_damage":173,"showTips":519,"cost":19600,"fireFrequency":130,"bulletNumber":3,"mainWeaponModel":"ui_weapons/main_weapons_11.png","bullet":19,"weapons_count":2,"main_3dModel":11,"main_ballistic_id":1},"56":{"mainWeaponId":56,"lv":56,"upNLv":5,"pre_lv":209.5,"base_damage":177,"showTips":531,"cost":20000,"fireFrequency":130,"bulletNumber":3,"mainWeaponModel":"ui_weapons/main_weapons_12.png","bullet":20,"weapons_count":2,"main_3dModel":12,"main_ballistic_id":3},"57":{"mainWeaponId":57,"lv":57,"upNLv":5,"pre_lv":214.5,"base_damage":181,"showTips":543,"cost":20400,"fireFrequency":130,"bulletNumber":3,"mainWeaponModel":"ui_weapons/main_weapons_12.png","bullet":21,"weapons_count":2,"main_3dModel":12,"main_ballistic_id":3},"58":{"mainWeaponId":58,"lv":58,"upNLv":5,"pre_lv":219.5,"base_damage":185,"showTips":555,"cost":20800,"fireFrequency":130,"bulletNumber":3,"mainWeaponModel":"ui_weapons/main_weapons_12.png","bullet":22,"weapons_count":2,"main_3dModel":12,"main_ballistic_id":3},"59":{"mainWeaponId":59,"lv":59,"upNLv":5,"pre_lv":224.5,"base_damage":189,"showTips":567,"cost":21200,"fireFrequency":130,"bulletNumber":3,"mainWeaponModel":"ui_weapons/main_weapons_12.png","bullet":19,"weapons_count":2,"main_3dModel":12,"main_ballistic_id":3},"60":{"mainWeaponId":60,"lv":60,"upNLv":5,"pre_lv":229.5,"base_damage":193,"showTips":579,"cost":21600,"fireFrequency":130,"bulletNumber":3,"mainWeaponModel":"ui_weapons/main_weapons_12.png","bullet":20,"weapons_count":2,"main_3dModel":12,"main_ballistic_id":3},"61":{"mainWeaponId":61,"lv":61,"upNLv":5,"pre_lv":234.5,"base_damage":197,"showTips":591,"cost":22000,"fireFrequency":130,"bulletNumber":3,"mainWeaponModel":"ui_weapons/main_weapons_13.png","bullet":21,"weapons_count":1,"main_3dModel":13,"main_ballistic_id":2},"62":{"mainWeaponId":62,"lv":62,"upNLv":5,"pre_lv":239.5,"base_damage":201,"showTips":603,"cost":22400,"fireFrequency":130,"bulletNumber":3,"mainWeaponModel":"ui_weapons/main_weapons_13.png","bullet":22,"weapons_count":1,"main_3dModel":13,"main_ballistic_id":2},"63":{"mainWeaponId":63,"lv":63,"upNLv":5,"pre_lv":244.5,"base_damage":205,"showTips":615,"cost":22800,"fireFrequency":130,"bulletNumber":3,"mainWeaponModel":"ui_weapons/main_weapons_13.png","bullet":19,"weapons_count":1,"main_3dModel":13,"main_ballistic_id":2},"64":{"mainWeaponId":64,"lv":64,"upNLv":5,"pre_lv":249.5,"base_damage":209,"showTips":627,"cost":23200,"fireFrequency":130,"bulletNumber":3,"mainWeaponModel":"ui_weapons/main_weapons_13.png","bullet":20,"weapons_count":1,"main_3dModel":13,"main_ballistic_id":2},"65":{"mainWeaponId":65,"lv":65,"upNLv":5,"pre_lv":254.5,"base_damage":213,"showTips":639,"cost":23600,"fireFrequency":130,"bulletNumber":3,"mainWeaponModel":"ui_weapons/main_weapons_13.png","bullet":21,"weapons_count":1,"main_3dModel":13,"main_ballistic_id":2},"66":{"mainWeaponId":66,"lv":66,"upNLv":5,"pre_lv":259.5,"base_damage":217,"showTips":651,"cost":24000,"fireFrequency":200,"bulletNumber":4,"mainWeaponModel":"ui_weapons/main_weapons_14.png","bullet":22,"weapons_count":1,"main_3dModel":14,"main_ballistic_id":4},"67":{"mainWeaponId":67,"lv":67,"upNLv":5,"pre_lv":264.5,"base_damage":221,"showTips":663,"cost":24400,"fireFrequency":200,"bulletNumber":4,"mainWeaponModel":"ui_weapons/main_weapons_14.png","bullet":19,"weapons_count":1,"main_3dModel":14,"main_ballistic_id":4},"68":{"mainWeaponId":68,"lv":68,"upNLv":5,"pre_lv":269.5,"base_damage":225,"showTips":675,"cost":24800,"fireFrequency":200,"bulletNumber":4,"mainWeaponModel":"ui_weapons/main_weapons_14.png","bullet":20,"weapons_count":1,"main_3dModel":14,"main_ballistic_id":4},"69":{"mainWeaponId":69,"lv":69,"upNLv":5,"pre_lv":274.5,"base_damage":229,"showTips":687,"cost":25200,"fireFrequency":200,"bulletNumber":4,"mainWeaponModel":"ui_weapons/main_weapons_14.png","bullet":21,"weapons_count":1,"main_3dModel":14,"main_ballistic_id":4},"70":{"mainWeaponId":70,"lv":70,"upNLv":5,"pre_lv":279.5,"base_damage":233,"showTips":699,"cost":25600,"fireFrequency":200,"bulletNumber":4,"mainWeaponModel":"ui_weapons/main_weapons_14.png","bullet":22,"weapons_count":1,"main_3dModel":14,"main_ballistic_id":4},"71":{"mainWeaponId":71,"lv":71,"upNLv":5,"pre_lv":284.5,"base_damage":237,"showTips":711,"cost":26000,"fireFrequency":200,"bulletNumber":4,"mainWeaponModel":"ui_weapons/main_weapons_15.png","bullet":19,"weapons_count":2,"main_3dModel":15,"main_ballistic_id":5},"72":{"mainWeaponId":72,"lv":72,"upNLv":5,"pre_lv":289.5,"base_damage":241,"showTips":723,"cost":26400,"fireFrequency":200,"bulletNumber":4,"mainWeaponModel":"ui_weapons/main_weapons_15.png","bullet":20,"weapons_count":2,"main_3dModel":15,"main_ballistic_id":5},"73":{"mainWeaponId":73,"lv":73,"upNLv":5,"pre_lv":294.5,"base_damage":245,"showTips":735,"cost":26800,"fireFrequency":200,"bulletNumber":4,"mainWeaponModel":"ui_weapons/main_weapons_15.png","bullet":21,"weapons_count":2,"main_3dModel":15,"main_ballistic_id":5},"74":{"mainWeaponId":74,"lv":74,"upNLv":5,"pre_lv":299.5,"base_damage":249,"showTips":747,"cost":27200,"fireFrequency":200,"bulletNumber":4,"mainWeaponModel":"ui_weapons/main_weapons_15.png","bullet":22,"weapons_count":2,"main_3dModel":15,"main_ballistic_id":5},"75":{"mainWeaponId":75,"lv":75,"upNLv":5,"pre_lv":304.5,"base_damage":253,"showTips":759,"cost":27600,"fireFrequency":200,"bulletNumber":4,"mainWeaponModel":"ui_weapons/main_weapons_15.png","bullet":19,"weapons_count":2,"main_3dModel":15,"main_ballistic_id":5},"76":{"mainWeaponId":76,"lv":76,"upNLv":5,"pre_lv":309.5,"base_damage":257,"showTips":771,"cost":28000,"fireFrequency":130,"bulletNumber":2,"mainWeaponModel":"ui_weapons/main_weapons_16.png","bullet":48,"weapons_count":2,"main_3dModel":16,"main_ballistic_id":1},"77":{"mainWeaponId":77,"lv":77,"upNLv":5,"pre_lv":314.5,"base_damage":261,"showTips":783,"cost":28400,"fireFrequency":130,"bulletNumber":2,"mainWeaponModel":"ui_weapons/main_weapons_16.png","bullet":49,"weapons_count":2,"main_3dModel":16,"main_ballistic_id":1},"78":{"mainWeaponId":78,"lv":78,"upNLv":5,"pre_lv":319.5,"base_damage":265,"showTips":795,"cost":28800,"fireFrequency":130,"bulletNumber":2,"mainWeaponModel":"ui_weapons/main_weapons_16.png","bullet":50,"weapons_count":2,"main_3dModel":16,"main_ballistic_id":1},"79":{"mainWeaponId":79,"lv":79,"upNLv":5,"pre_lv":324.5,"base_damage":269,"showTips":807,"cost":29200,"fireFrequency":130,"bulletNumber":2,"mainWeaponModel":"ui_weapons/main_weapons_16.png","bullet":51,"weapons_count":2,"main_3dModel":16,"main_ballistic_id":1},"80":{"mainWeaponId":80,"lv":80,"upNLv":5,"pre_lv":329.5,"base_damage":273,"showTips":819,"cost":29600,"fireFrequency":130,"bulletNumber":3,"mainWeaponModel":"ui_weapons/main_weapons_16.png","bullet":48,"weapons_count":2,"main_3dModel":16,"main_ballistic_id":1},"81":{"mainWeaponId":81,"lv":81,"upNLv":5,"pre_lv":334.5,"base_damage":277,"showTips":831,"cost":30000,"fireFrequency":130,"bulletNumber":3,"mainWeaponModel":"ui_weapons/main_weapons_17.png","bullet":49,"weapons_count":1,"main_3dModel":17,"main_ballistic_id":3},"82":{"mainWeaponId":82,"lv":82,"upNLv":5,"pre_lv":339.5,"base_damage":281,"showTips":843,"cost":30400,"fireFrequency":130,"bulletNumber":3,"mainWeaponModel":"ui_weapons/main_weapons_17.png","bullet":50,"weapons_count":1,"main_3dModel":17,"main_ballistic_id":3},"83":{"mainWeaponId":83,"lv":83,"upNLv":5,"pre_lv":344.5,"base_damage":285,"showTips":855,"cost":30800,"fireFrequency":130,"bulletNumber":3,"mainWeaponModel":"ui_weapons/main_weapons_17.png","bullet":51,"weapons_count":1,"main_3dModel":17,"main_ballistic_id":3},"84":{"mainWeaponId":84,"lv":84,"upNLv":5,"pre_lv":349.5,"base_damage":289,"showTips":867,"cost":31200,"fireFrequency":130,"bulletNumber":3,"mainWeaponModel":"ui_weapons/main_weapons_17.png","bullet":48,"weapons_count":1,"main_3dModel":17,"main_ballistic_id":3},"85":{"mainWeaponId":85,"lv":85,"upNLv":5,"pre_lv":354.5,"base_damage":293,"showTips":879,"cost":31600,"fireFrequency":130,"bulletNumber":3,"mainWeaponModel":"ui_weapons/main_weapons_17.png","bullet":49,"weapons_count":1,"main_3dModel":17,"main_ballistic_id":3},"86":{"mainWeaponId":86,"lv":86,"upNLv":5,"pre_lv":359.5,"base_damage":297,"showTips":891,"cost":32000,"fireFrequency":130,"bulletNumber":3,"mainWeaponModel":"ui_weapons/main_weapons_18.png","bullet":50,"weapons_count":1,"main_3dModel":18,"main_ballistic_id":2},"87":{"mainWeaponId":87,"lv":87,"upNLv":5,"pre_lv":364.5,"base_damage":301,"showTips":903,"cost":32400,"fireFrequency":130,"bulletNumber":3,"mainWeaponModel":"ui_weapons/main_weapons_18.png","bullet":51,"weapons_count":1,"main_3dModel":18,"main_ballistic_id":2},"88":{"mainWeaponId":88,"lv":88,"upNLv":5,"pre_lv":369.5,"base_damage":305,"showTips":915,"cost":32800,"fireFrequency":130,"bulletNumber":3,"mainWeaponModel":"ui_weapons/main_weapons_18.png","bullet":48,"weapons_count":1,"main_3dModel":18,"main_ballistic_id":2},"89":{"mainWeaponId":89,"lv":89,"upNLv":5,"pre_lv":374.5,"base_damage":309,"showTips":927,"cost":33200,"fireFrequency":130,"bulletNumber":3,"mainWeaponModel":"ui_weapons/main_weapons_18.png","bullet":49,"weapons_count":1,"main_3dModel":18,"main_ballistic_id":2},"90":{"mainWeaponId":90,"lv":90,"upNLv":5,"pre_lv":379.5,"base_damage":313,"showTips":939,"cost":33600,"fireFrequency":130,"bulletNumber":3,"mainWeaponModel":"ui_weapons/main_weapons_18.png","bullet":50,"weapons_count":1,"main_3dModel":18,"main_ballistic_id":2},"91":{"mainWeaponId":91,"lv":91,"upNLv":5,"pre_lv":384.5,"base_damage":317,"showTips":951,"cost":34000,"fireFrequency":200,"bulletNumber":4,"mainWeaponModel":"ui_weapons/main_weapons_19.png","bullet":51,"weapons_count":2,"main_3dModel":19,"main_ballistic_id":4},"92":{"mainWeaponId":92,"lv":92,"upNLv":5,"pre_lv":389.5,"base_damage":321,"showTips":963,"cost":34400,"fireFrequency":200,"bulletNumber":4,"mainWeaponModel":"ui_weapons/main_weapons_19.png","bullet":48,"weapons_count":2,"main_3dModel":19,"main_ballistic_id":4},"93":{"mainWeaponId":93,"lv":93,"upNLv":5,"pre_lv":394.5,"base_damage":325,"showTips":975,"cost":34800,"fireFrequency":200,"bulletNumber":4,"mainWeaponModel":"ui_weapons/main_weapons_19.png","bullet":49,"weapons_count":2,"main_3dModel":19,"main_ballistic_id":4},"94":{"mainWeaponId":94,"lv":94,"upNLv":5,"pre_lv":399.5,"base_damage":329,"showTips":987,"cost":35200,"fireFrequency":200,"bulletNumber":4,"mainWeaponModel":"ui_weapons/main_weapons_19.png","bullet":50,"weapons_count":2,"main_3dModel":19,"main_ballistic_id":4},"95":{"mainWeaponId":95,"lv":95,"upNLv":5,"pre_lv":404.5,"base_damage":333,"showTips":999,"cost":35600,"fireFrequency":200,"bulletNumber":4,"mainWeaponModel":"ui_weapons/main_weapons_19.png","bullet":51,"weapons_count":2,"main_3dModel":19,"main_ballistic_id":4},"96":{"mainWeaponId":96,"lv":96,"upNLv":5,"pre_lv":409.5,"base_damage":337,"showTips":1011,"cost":36000,"fireFrequency":200,"bulletNumber":4,"mainWeaponModel":"ui_weapons/main_weapons_20.png","bullet":48,"weapons_count":2,"main_3dModel":20,"main_ballistic_id":5},"97":{"mainWeaponId":97,"lv":97,"upNLv":5,"pre_lv":414.5,"base_damage":341,"showTips":1023,"cost":36400,"fireFrequency":200,"bulletNumber":4,"mainWeaponModel":"ui_weapons/main_weapons_20.png","bullet":49,"weapons_count":2,"main_3dModel":20,"main_ballistic_id":5},"98":{"mainWeaponId":98,"lv":98,"upNLv":5,"pre_lv":419.5,"base_damage":345,"showTips":1035,"cost":36800,"fireFrequency":200,"bulletNumber":4,"mainWeaponModel":"ui_weapons/main_weapons_20.png","bullet":50,"weapons_count":2,"main_3dModel":20,"main_ballistic_id":5},"99":{"mainWeaponId":99,"lv":99,"upNLv":5,"pre_lv":424.5,"base_damage":349,"showTips":1047,"cost":37200,"fireFrequency":200,"bulletNumber":4,"mainWeaponModel":"ui_weapons/main_weapons_20.png","bullet":51,"weapons_count":2,"main_3dModel":20,"main_ballistic_id":5},"100":{"mainWeaponId":100,"lv":100,"upNLv":5,"pre_lv":429.5,"base_damage":353,"showTips":1059,"cost":37600,"fireFrequency":200,"bulletNumber":4,"mainWeaponModel":"ui_weapons/main_weapons_20.png","bullet":48,"weapons_count":2,"main_3dModel":20,"main_ballistic_id":5},"101":{"mainWeaponId":101,"lv":101,"upNLv":5,"pre_lv":434.5,"base_damage":357,"showTips":1071,"cost":38000,"fireFrequency":130,"bulletNumber":2,"mainWeaponModel":"ui_weapons/main_weapons_21.png","bullet":52,"weapons_count":1,"main_3dModel":21,"main_ballistic_id":1},"102":{"mainWeaponId":102,"lv":102,"upNLv":5,"pre_lv":439.5,"base_damage":361,"showTips":1083,"cost":38400,"fireFrequency":130,"bulletNumber":2,"mainWeaponModel":"ui_weapons/main_weapons_21.png","bullet":53,"weapons_count":1,"main_3dModel":21,"main_ballistic_id":1},"103":{"mainWeaponId":103,"lv":103,"upNLv":5,"pre_lv":444.5,"base_damage":365,"showTips":1095,"cost":38800,"fireFrequency":130,"bulletNumber":2,"mainWeaponModel":"ui_weapons/main_weapons_21.png","bullet":54,"weapons_count":1,"main_3dModel":21,"main_ballistic_id":1},"104":{"mainWeaponId":104,"lv":104,"upNLv":5,"pre_lv":449.5,"base_damage":369,"showTips":1107,"cost":39200,"fireFrequency":130,"bulletNumber":2,"mainWeaponModel":"ui_weapons/main_weapons_21.png","bullet":55,"weapons_count":1,"main_3dModel":21,"main_ballistic_id":1},"105":{"mainWeaponId":105,"lv":105,"upNLv":5,"pre_lv":454.5,"base_damage":373,"showTips":1119,"cost":39600,"fireFrequency":130,"bulletNumber":3,"mainWeaponModel":"ui_weapons/main_weapons_21.png","bullet":52,"weapons_count":1,"main_3dModel":21,"main_ballistic_id":1},"106":{"mainWeaponId":106,"lv":106,"upNLv":5,"pre_lv":459.5,"base_damage":377,"showTips":1131,"cost":40000,"fireFrequency":130,"bulletNumber":3,"mainWeaponModel":"ui_weapons/main_weapons_22.png","bullet":53,"weapons_count":1,"main_3dModel":22,"main_ballistic_id":3},"107":{"mainWeaponId":107,"lv":107,"upNLv":5,"pre_lv":464.5,"base_damage":381,"showTips":1143,"cost":40400,"fireFrequency":130,"bulletNumber":3,"mainWeaponModel":"ui_weapons/main_weapons_22.png","bullet":54,"weapons_count":1,"main_3dModel":22,"main_ballistic_id":3},"108":{"mainWeaponId":108,"lv":108,"upNLv":5,"pre_lv":469.5,"base_damage":385,"showTips":1155,"cost":40800,"fireFrequency":130,"bulletNumber":3,"mainWeaponModel":"ui_weapons/main_weapons_22.png","bullet":55,"weapons_count":1,"main_3dModel":22,"main_ballistic_id":3},"109":{"mainWeaponId":109,"lv":109,"upNLv":5,"pre_lv":474.5,"base_damage":389,"showTips":1167,"cost":41200,"fireFrequency":130,"bulletNumber":3,"mainWeaponModel":"ui_weapons/main_weapons_22.png","bullet":52,"weapons_count":1,"main_3dModel":22,"main_ballistic_id":3},"110":{"mainWeaponId":110,"lv":110,"upNLv":5,"pre_lv":479.5,"base_damage":393,"showTips":1179,"cost":41600,"fireFrequency":130,"bulletNumber":3,"mainWeaponModel":"ui_weapons/main_weapons_22.png","bullet":53,"weapons_count":1,"main_3dModel":22,"main_ballistic_id":3},"111":{"mainWeaponId":111,"lv":111,"upNLv":5,"pre_lv":484.5,"base_damage":397,"showTips":1191,"cost":42000,"fireFrequency":130,"bulletNumber":3,"mainWeaponModel":"ui_weapons/main_weapons_23.png","bullet":54,"weapons_count":2,"main_3dModel":23,"main_ballistic_id":2},"112":{"mainWeaponId":112,"lv":112,"upNLv":5,"pre_lv":489.5,"base_damage":401,"showTips":1203,"cost":42400,"fireFrequency":130,"bulletNumber":3,"mainWeaponModel":"ui_weapons/main_weapons_23.png","bullet":55,"weapons_count":2,"main_3dModel":23,"main_ballistic_id":2},"113":{"mainWeaponId":113,"lv":113,"upNLv":5,"pre_lv":494.5,"base_damage":405,"showTips":1215,"cost":42800,"fireFrequency":130,"bulletNumber":3,"mainWeaponModel":"ui_weapons/main_weapons_23.png","bullet":52,"weapons_count":2,"main_3dModel":23,"main_ballistic_id":2},"114":{"mainWeaponId":114,"lv":114,"upNLv":5,"pre_lv":499.5,"base_damage":409,"showTips":1227,"cost":43200,"fireFrequency":130,"bulletNumber":3,"mainWeaponModel":"ui_weapons/main_weapons_23.png","bullet":53,"weapons_count":2,"main_3dModel":23,"main_ballistic_id":2},"115":{"mainWeaponId":115,"lv":115,"upNLv":5,"pre_lv":504.5,"base_damage":413,"showTips":1239,"cost":43600,"fireFrequency":130,"bulletNumber":3,"mainWeaponModel":"ui_weapons/main_weapons_23.png","bullet":54,"weapons_count":2,"main_3dModel":23,"main_ballistic_id":2},"116":{"mainWeaponId":116,"lv":116,"upNLv":5,"pre_lv":509.5,"base_damage":417,"showTips":1251,"cost":44000,"fireFrequency":200,"bulletNumber":4,"mainWeaponModel":"ui_weapons/main_weapons_24.png","bullet":55,"weapons_count":2,"main_3dModel":24,"main_ballistic_id":4},"117":{"mainWeaponId":117,"lv":117,"upNLv":5,"pre_lv":514.5,"base_damage":421,"showTips":1263,"cost":44400,"fireFrequency":200,"bulletNumber":4,"mainWeaponModel":"ui_weapons/main_weapons_24.png","bullet":52,"weapons_count":2,"main_3dModel":24,"main_ballistic_id":4},"118":{"mainWeaponId":118,"lv":118,"upNLv":5,"pre_lv":519.5,"base_damage":425,"showTips":1275,"cost":44800,"fireFrequency":200,"bulletNumber":4,"mainWeaponModel":"ui_weapons/main_weapons_24.png","bullet":53,"weapons_count":2,"main_3dModel":24,"main_ballistic_id":4},"119":{"mainWeaponId":119,"lv":119,"upNLv":5,"pre_lv":524.5,"base_damage":429,"showTips":1287,"cost":45200,"fireFrequency":200,"bulletNumber":4,"mainWeaponModel":"ui_weapons/main_weapons_24.png","bullet":54,"weapons_count":2,"main_3dModel":24,"main_ballistic_id":4},"120":{"mainWeaponId":120,"lv":120,"upNLv":5,"pre_lv":529.5,"base_damage":433,"showTips":1299,"cost":45600,"fireFrequency":200,"bulletNumber":4,"mainWeaponModel":"ui_weapons/main_weapons_24.png","bullet":55,"weapons_count":2,"main_3dModel":24,"main_ballistic_id":4},"121":{"mainWeaponId":121,"lv":121,"upNLv":5,"pre_lv":534.5,"base_damage":437,"showTips":1311,"cost":46000,"fireFrequency":200,"bulletNumber":4,"mainWeaponModel":"ui_weapons/main_weapons_25.png","bullet":52,"weapons_count":1,"main_3dModel":25,"main_ballistic_id":5},"122":{"mainWeaponId":122,"lv":122,"upNLv":5,"pre_lv":539.5,"base_damage":441,"showTips":1323,"cost":46400,"fireFrequency":200,"bulletNumber":4,"mainWeaponModel":"ui_weapons/main_weapons_25.png","bullet":53,"weapons_count":1,"main_3dModel":25,"main_ballistic_id":5},"123":{"mainWeaponId":123,"lv":123,"upNLv":5,"pre_lv":544.5,"base_damage":445,"showTips":1335,"cost":46800,"fireFrequency":200,"bulletNumber":4,"mainWeaponModel":"ui_weapons/main_weapons_25.png","bullet":54,"weapons_count":1,"main_3dModel":25,"main_ballistic_id":5},"124":{"mainWeaponId":124,"lv":124,"upNLv":5,"pre_lv":549.5,"base_damage":449,"showTips":1347,"cost":47200,"fireFrequency":200,"bulletNumber":4,"mainWeaponModel":"ui_weapons/main_weapons_25.png","bullet":55,"weapons_count":1,"main_3dModel":25,"main_ballistic_id":5},"125":{"mainWeaponId":125,"lv":125,"upNLv":5,"pre_lv":554.5,"base_damage":453,"showTips":1359,"cost":47600,"fireFrequency":200,"bulletNumber":4,"mainWeaponModel":"ui_weapons/main_weapons_25.png","bullet":52,"weapons_count":1,"main_3dModel":25,"main_ballistic_id":5},"126":{"mainWeaponId":126,"lv":126,"upNLv":5,"pre_lv":559.5,"base_damage":457,"showTips":1371,"cost":48000,"fireFrequency":130,"bulletNumber":2,"mainWeaponModel":"ui_weapons/main_weapons_26.png","bullet":56,"weapons_count":1,"main_3dModel":26,"main_ballistic_id":1},"127":{"mainWeaponId":127,"lv":127,"upNLv":5,"pre_lv":564.5,"base_damage":461,"showTips":1383,"cost":48400,"fireFrequency":130,"bulletNumber":2,"mainWeaponModel":"ui_weapons/main_weapons_26.png","bullet":57,"weapons_count":1,"main_3dModel":26,"main_ballistic_id":1},"128":{"mainWeaponId":128,"lv":128,"upNLv":5,"pre_lv":569.5,"base_damage":465,"showTips":1395,"cost":48800,"fireFrequency":130,"bulletNumber":2,"mainWeaponModel":"ui_weapons/main_weapons_26.png","bullet":58,"weapons_count":1,"main_3dModel":26,"main_ballistic_id":1},"129":{"mainWeaponId":129,"lv":129,"upNLv":5,"pre_lv":574.5,"base_damage":469,"showTips":1407,"cost":49200,"fireFrequency":130,"bulletNumber":2,"mainWeaponModel":"ui_weapons/main_weapons_26.png","bullet":59,"weapons_count":1,"main_3dModel":26,"main_ballistic_id":1},"130":{"mainWeaponId":130,"lv":130,"upNLv":5,"pre_lv":579.5,"base_damage":473,"showTips":1419,"cost":49600,"fireFrequency":130,"bulletNumber":3,"mainWeaponModel":"ui_weapons/main_weapons_26.png","bullet":56,"weapons_count":1,"main_3dModel":26,"main_ballistic_id":1},"131":{"mainWeaponId":131,"lv":131,"upNLv":5,"pre_lv":584.5,"base_damage":477,"showTips":1431,"cost":50000,"fireFrequency":130,"bulletNumber":3,"mainWeaponModel":"ui_weapons/main_weapons_27.png","bullet":57,"weapons_count":2,"main_3dModel":27,"main_ballistic_id":3},"132":{"mainWeaponId":132,"lv":132,"upNLv":5,"pre_lv":589.5,"base_damage":481,"showTips":1443,"cost":50400,"fireFrequency":130,"bulletNumber":3,"mainWeaponModel":"ui_weapons/main_weapons_27.png","bullet":58,"weapons_count":2,"main_3dModel":27,"main_ballistic_id":3},"133":{"mainWeaponId":133,"lv":133,"upNLv":5,"pre_lv":594.5,"base_damage":485,"showTips":1455,"cost":50800,"fireFrequency":130,"bulletNumber":3,"mainWeaponModel":"ui_weapons/main_weapons_27.png","bullet":59,"weapons_count":2,"main_3dModel":27,"main_ballistic_id":3},"134":{"mainWeaponId":134,"lv":134,"upNLv":5,"pre_lv":599.5,"base_damage":489,"showTips":1467,"cost":51200,"fireFrequency":130,"bulletNumber":3,"mainWeaponModel":"ui_weapons/main_weapons_27.png","bullet":56,"weapons_count":2,"main_3dModel":27,"main_ballistic_id":3},"135":{"mainWeaponId":135,"lv":135,"upNLv":5,"pre_lv":604.5,"base_damage":493,"showTips":1479,"cost":51600,"fireFrequency":130,"bulletNumber":3,"mainWeaponModel":"ui_weapons/main_weapons_27.png","bullet":57,"weapons_count":2,"main_3dModel":27,"main_ballistic_id":3},"136":{"mainWeaponId":136,"lv":136,"upNLv":5,"pre_lv":609.5,"base_damage":497,"showTips":1491,"cost":52000,"fireFrequency":130,"bulletNumber":3,"mainWeaponModel":"ui_weapons/main_weapons_28.png","bullet":58,"weapons_count":2,"main_3dModel":28,"main_ballistic_id":2},"137":{"mainWeaponId":137,"lv":137,"upNLv":5,"pre_lv":614.5,"base_damage":501,"showTips":1503,"cost":52400,"fireFrequency":130,"bulletNumber":3,"mainWeaponModel":"ui_weapons/main_weapons_28.png","bullet":59,"weapons_count":2,"main_3dModel":28,"main_ballistic_id":2},"138":{"mainWeaponId":138,"lv":138,"upNLv":5,"pre_lv":619.5,"base_damage":505,"showTips":1515,"cost":52800,"fireFrequency":130,"bulletNumber":3,"mainWeaponModel":"ui_weapons/main_weapons_28.png","bullet":56,"weapons_count":2,"main_3dModel":28,"main_ballistic_id":2},"139":{"mainWeaponId":139,"lv":139,"upNLv":5,"pre_lv":624.5,"base_damage":509,"showTips":1527,"cost":53200,"fireFrequency":130,"bulletNumber":3,"mainWeaponModel":"ui_weapons/main_weapons_28.png","bullet":57,"weapons_count":2,"main_3dModel":28,"main_ballistic_id":2},"140":{"mainWeaponId":140,"lv":140,"upNLv":5,"pre_lv":629.5,"base_damage":513,"showTips":1539,"cost":53600,"fireFrequency":130,"bulletNumber":3,"mainWeaponModel":"ui_weapons/main_weapons_28.png","bullet":58,"weapons_count":2,"main_3dModel":28,"main_ballistic_id":2},"141":{"mainWeaponId":141,"lv":141,"upNLv":5,"pre_lv":634.5,"base_damage":517,"showTips":1551,"cost":54000,"fireFrequency":200,"bulletNumber":4,"mainWeaponModel":"ui_weapons/main_weapons_29.png","bullet":59,"weapons_count":1,"main_3dModel":29,"main_ballistic_id":4},"142":{"mainWeaponId":142,"lv":142,"upNLv":5,"pre_lv":639.5,"base_damage":521,"showTips":1563,"cost":54400,"fireFrequency":200,"bulletNumber":4,"mainWeaponModel":"ui_weapons/main_weapons_29.png","bullet":56,"weapons_count":1,"main_3dModel":29,"main_ballistic_id":4},"143":{"mainWeaponId":143,"lv":143,"upNLv":5,"pre_lv":644.5,"base_damage":525,"showTips":1575,"cost":54800,"fireFrequency":200,"bulletNumber":4,"mainWeaponModel":"ui_weapons/main_weapons_29.png","bullet":57,"weapons_count":1,"main_3dModel":29,"main_ballistic_id":4},"144":{"mainWeaponId":144,"lv":144,"upNLv":5,"pre_lv":649.5,"base_damage":529,"showTips":1587,"cost":55200,"fireFrequency":200,"bulletNumber":4,"mainWeaponModel":"ui_weapons/main_weapons_29.png","bullet":58,"weapons_count":1,"main_3dModel":29,"main_ballistic_id":4},"145":{"mainWeaponId":145,"lv":145,"upNLv":5,"pre_lv":654.5,"base_damage":533,"showTips":1599,"cost":55600,"fireFrequency":200,"bulletNumber":4,"mainWeaponModel":"ui_weapons/main_weapons_29.png","bullet":59,"weapons_count":1,"main_3dModel":29,"main_ballistic_id":4},"146":{"mainWeaponId":146,"lv":146,"upNLv":5,"pre_lv":659.5,"base_damage":537,"showTips":1611,"cost":56000,"fireFrequency":200,"bulletNumber":4,"mainWeaponModel":"ui_weapons/main_weapons_30.png","bullet":56,"weapons_count":1,"main_3dModel":30,"main_ballistic_id":5},"147":{"mainWeaponId":147,"lv":147,"upNLv":5,"pre_lv":664.5,"base_damage":541,"showTips":1623,"cost":56400,"fireFrequency":200,"bulletNumber":4,"mainWeaponModel":"ui_weapons/main_weapons_30.png","bullet":57,"weapons_count":1,"main_3dModel":30,"main_ballistic_id":5},"148":{"mainWeaponId":148,"lv":148,"upNLv":5,"pre_lv":669.5,"base_damage":545,"showTips":1635,"cost":56800,"fireFrequency":200,"bulletNumber":4,"mainWeaponModel":"ui_weapons/main_weapons_30.png","bullet":58,"weapons_count":1,"main_3dModel":30,"main_ballistic_id":5},"149":{"mainWeaponId":149,"lv":149,"upNLv":5,"pre_lv":674.5,"base_damage":549,"showTips":1647,"cost":57200,"fireFrequency":200,"bulletNumber":4,"mainWeaponModel":"ui_weapons/main_weapons_30.png","bullet":59,"weapons_count":1,"main_3dModel":30,"main_ballistic_id":5},"150":{"mainWeaponId":150,"lv":150,"upNLv":5,"pre_lv":679.5,"base_damage":553,"showTips":1659,"cost":57600,"fireFrequency":200,"bulletNumber":4,"mainWeaponModel":"ui_weapons/main_weapons_30.png","bullet":56,"weapons_count":1,"main_3dModel":30,"main_ballistic_id":5},"151":{"mainWeaponId":151,"lv":151,"upNLv":5,"pre_lv":684.5,"base_damage":557,"showTips":1671,"cost":58000,"fireFrequency":130,"bulletNumber":2,"mainWeaponModel":"ui_weapons/main_weapons_31.png","bullet":60,"weapons_count":2,"main_3dModel":31,"main_ballistic_id":1},"152":{"mainWeaponId":152,"lv":152,"upNLv":5,"pre_lv":689.5,"base_damage":561,"showTips":1683,"cost":58400,"fireFrequency":130,"bulletNumber":2,"mainWeaponModel":"ui_weapons/main_weapons_31.png","bullet":61,"weapons_count":2,"main_3dModel":31,"main_ballistic_id":1},"153":{"mainWeaponId":153,"lv":153,"upNLv":5,"pre_lv":694.5,"base_damage":565,"showTips":1695,"cost":58800,"fireFrequency":130,"bulletNumber":2,"mainWeaponModel":"ui_weapons/main_weapons_31.png","bullet":62,"weapons_count":2,"main_3dModel":31,"main_ballistic_id":1},"154":{"mainWeaponId":154,"lv":154,"upNLv":5,"pre_lv":699.5,"base_damage":569,"showTips":1707,"cost":59200,"fireFrequency":130,"bulletNumber":2,"mainWeaponModel":"ui_weapons/main_weapons_31.png","bullet":63,"weapons_count":2,"main_3dModel":31,"main_ballistic_id":1},"155":{"mainWeaponId":155,"lv":155,"upNLv":5,"pre_lv":704.5,"base_damage":573,"showTips":1719,"cost":59600,"fireFrequency":130,"bulletNumber":3,"mainWeaponModel":"ui_weapons/main_weapons_31.png","bullet":60,"weapons_count":2,"main_3dModel":31,"main_ballistic_id":1},"156":{"mainWeaponId":156,"lv":156,"upNLv":5,"pre_lv":709.5,"base_damage":577,"showTips":1731,"cost":60000,"fireFrequency":130,"bulletNumber":3,"mainWeaponModel":"ui_weapons/main_weapons_32.png","bullet":61,"weapons_count":1,"main_3dModel":32,"main_ballistic_id":3},"157":{"mainWeaponId":157,"lv":157,"upNLv":5,"pre_lv":714.5,"base_damage":581,"showTips":1743,"cost":60400,"fireFrequency":130,"bulletNumber":3,"mainWeaponModel":"ui_weapons/main_weapons_32.png","bullet":62,"weapons_count":1,"main_3dModel":32,"main_ballistic_id":3},"158":{"mainWeaponId":158,"lv":158,"upNLv":5,"pre_lv":719.5,"base_damage":585,"showTips":1755,"cost":60800,"fireFrequency":130,"bulletNumber":3,"mainWeaponModel":"ui_weapons/main_weapons_32.png","bullet":63,"weapons_count":1,"main_3dModel":32,"main_ballistic_id":3},"159":{"mainWeaponId":159,"lv":159,"upNLv":5,"pre_lv":724.5,"base_damage":589,"showTips":1767,"cost":61200,"fireFrequency":130,"bulletNumber":3,"mainWeaponModel":"ui_weapons/main_weapons_32.png","bullet":60,"weapons_count":1,"main_3dModel":32,"main_ballistic_id":3},"160":{"mainWeaponId":160,"lv":160,"upNLv":5,"pre_lv":729.5,"base_damage":593,"showTips":1779,"cost":61600,"fireFrequency":130,"bulletNumber":3,"mainWeaponModel":"ui_weapons/main_weapons_32.png","bullet":61,"weapons_count":1,"main_3dModel":32,"main_ballistic_id":3},"161":{"mainWeaponId":161,"lv":161,"upNLv":5,"pre_lv":734.5,"base_damage":597,"showTips":1791,"cost":62000,"fireFrequency":130,"bulletNumber":3,"mainWeaponModel":"ui_weapons/main_weapons_33.png","bullet":62,"weapons_count":1,"main_3dModel":33,"main_ballistic_id":2},"162":{"mainWeaponId":162,"lv":162,"upNLv":5,"pre_lv":739.5,"base_damage":601,"showTips":1803,"cost":62400,"fireFrequency":130,"bulletNumber":3,"mainWeaponModel":"ui_weapons/main_weapons_33.png","bullet":63,"weapons_count":1,"main_3dModel":33,"main_ballistic_id":2},"163":{"mainWeaponId":163,"lv":163,"upNLv":5,"pre_lv":744.5,"base_damage":605,"showTips":1815,"cost":62800,"fireFrequency":130,"bulletNumber":3,"mainWeaponModel":"ui_weapons/main_weapons_33.png","bullet":60,"weapons_count":1,"main_3dModel":33,"main_ballistic_id":2},"164":{"mainWeaponId":164,"lv":164,"upNLv":5,"pre_lv":749.5,"base_damage":609,"showTips":1827,"cost":63200,"fireFrequency":130,"bulletNumber":3,"mainWeaponModel":"ui_weapons/main_weapons_33.png","bullet":61,"weapons_count":1,"main_3dModel":33,"main_ballistic_id":2},"165":{"mainWeaponId":165,"lv":165,"upNLv":5,"pre_lv":754.5,"base_damage":613,"showTips":1839,"cost":63600,"fireFrequency":130,"bulletNumber":3,"mainWeaponModel":"ui_weapons/main_weapons_33.png","bullet":62,"weapons_count":1,"main_3dModel":33,"main_ballistic_id":2},"166":{"mainWeaponId":166,"lv":166,"upNLv":5,"pre_lv":759.5,"base_damage":617,"showTips":1851,"cost":64000,"fireFrequency":200,"bulletNumber":4,"mainWeaponModel":"ui_weapons/main_weapons_34.png","bullet":63,"weapons_count":2,"main_3dModel":34,"main_ballistic_id":4},"167":{"mainWeaponId":167,"lv":167,"upNLv":5,"pre_lv":764.5,"base_damage":621,"showTips":1863,"cost":64400,"fireFrequency":200,"bulletNumber":4,"mainWeaponModel":"ui_weapons/main_weapons_34.png","bullet":60,"weapons_count":2,"main_3dModel":34,"main_ballistic_id":4},"168":{"mainWeaponId":168,"lv":168,"upNLv":5,"pre_lv":769.5,"base_damage":625,"showTips":1875,"cost":64800,"fireFrequency":200,"bulletNumber":4,"mainWeaponModel":"ui_weapons/main_weapons_34.png","bullet":61,"weapons_count":2,"main_3dModel":34,"main_ballistic_id":4},"169":{"mainWeaponId":169,"lv":169,"upNLv":5,"pre_lv":774.5,"base_damage":629,"showTips":1887,"cost":65200,"fireFrequency":200,"bulletNumber":4,"mainWeaponModel":"ui_weapons/main_weapons_34.png","bullet":62,"weapons_count":2,"main_3dModel":34,"main_ballistic_id":4},"170":{"mainWeaponId":170,"lv":170,"upNLv":5,"pre_lv":779.5,"base_damage":633,"showTips":1899,"cost":65600,"fireFrequency":200,"bulletNumber":4,"mainWeaponModel":"ui_weapons/main_weapons_34.png","bullet":63,"weapons_count":2,"main_3dModel":34,"main_ballistic_id":4},"171":{"mainWeaponId":171,"lv":171,"upNLv":5,"pre_lv":784.5,"base_damage":637,"showTips":1911,"cost":66000,"fireFrequency":200,"bulletNumber":4,"mainWeaponModel":"ui_weapons/main_weapons_35.png","bullet":60,"weapons_count":2,"main_3dModel":35,"main_ballistic_id":6},"172":{"mainWeaponId":172,"lv":172,"upNLv":5,"pre_lv":789.5,"base_damage":641,"showTips":1923,"cost":66400,"fireFrequency":200,"bulletNumber":4,"mainWeaponModel":"ui_weapons/main_weapons_35.png","bullet":61,"weapons_count":2,"main_3dModel":35,"main_ballistic_id":6},"173":{"mainWeaponId":173,"lv":173,"upNLv":5,"pre_lv":794.5,"base_damage":645,"showTips":1935,"cost":66800,"fireFrequency":200,"bulletNumber":4,"mainWeaponModel":"ui_weapons/main_weapons_35.png","bullet":62,"weapons_count":2,"main_3dModel":35,"main_ballistic_id":6},"174":{"mainWeaponId":174,"lv":174,"upNLv":5,"pre_lv":799.5,"base_damage":649,"showTips":1947,"cost":67200,"fireFrequency":200,"bulletNumber":4,"mainWeaponModel":"ui_weapons/main_weapons_35.png","bullet":63,"weapons_count":2,"main_3dModel":35,"main_ballistic_id":6},"175":{"mainWeaponId":175,"lv":175,"upNLv":5,"pre_lv":804.5,"base_damage":653,"showTips":1959,"cost":67600,"fireFrequency":200,"bulletNumber":4,"mainWeaponModel":"ui_weapons/main_weapons_35.png","bullet":60,"weapons_count":2,"main_3dModel":35,"main_ballistic_id":6},"176":{"mainWeaponId":176,"lv":176,"upNLv":5,"pre_lv":809.5,"base_damage":657,"showTips":1971,"cost":68000,"fireFrequency":200,"bulletNumber":4,"mainWeaponModel":"ui_weapons/main_weapons_36.png","bullet":61,"weapons_count":2,"main_3dModel":36,"main_ballistic_id":5},"177":{"mainWeaponId":177,"lv":177,"upNLv":5,"pre_lv":814.5,"base_damage":661,"showTips":1983,"cost":68400,"fireFrequency":200,"bulletNumber":4,"mainWeaponModel":"ui_weapons/main_weapons_36.png","bullet":62,"weapons_count":2,"main_3dModel":36,"main_ballistic_id":5},"178":{"mainWeaponId":178,"lv":178,"upNLv":5,"pre_lv":819.5,"base_damage":665,"showTips":1995,"cost":68800,"fireFrequency":200,"bulletNumber":4,"mainWeaponModel":"ui_weapons/main_weapons_36.png","bullet":63,"weapons_count":2,"main_3dModel":36,"main_ballistic_id":5},"179":{"mainWeaponId":179,"lv":179,"upNLv":5,"pre_lv":824.5,"base_damage":669,"showTips":2007,"cost":69200,"fireFrequency":200,"bulletNumber":4,"mainWeaponModel":"ui_weapons/main_weapons_36.png","bullet":60,"weapons_count":2,"main_3dModel":36,"main_ballistic_id":5},"180":{"mainWeaponId":180,"lv":180,"upNLv":5,"pre_lv":829.5,"base_damage":673,"showTips":2019,"cost":69600,"fireFrequency":200,"bulletNumber":4,"mainWeaponModel":"ui_weapons/main_weapons_36.png","bullet":61,"weapons_count":2,"main_3dModel":36,"main_ballistic_id":5},"181":{"mainWeaponId":181,"lv":181,"upNLv":5,"pre_lv":834.5,"base_damage":677,"showTips":2031,"cost":70000,"fireFrequency":130,"bulletNumber":2,"mainWeaponModel":"ui_weapons/main_weapons_37.png","bullet":64,"weapons_count":1,"main_3dModel":37,"main_ballistic_id":1},"182":{"mainWeaponId":182,"lv":182,"upNLv":5,"pre_lv":839.5,"base_damage":681,"showTips":2043,"cost":70400,"fireFrequency":130,"bulletNumber":2,"mainWeaponModel":"ui_weapons/main_weapons_37.png","bullet":65,"weapons_count":1,"main_3dModel":37,"main_ballistic_id":1},"183":{"mainWeaponId":183,"lv":183,"upNLv":5,"pre_lv":844.5,"base_damage":685,"showTips":2055,"cost":70800,"fireFrequency":130,"bulletNumber":2,"mainWeaponModel":"ui_weapons/main_weapons_37.png","bullet":66,"weapons_count":1,"main_3dModel":37,"main_ballistic_id":1},"184":{"mainWeaponId":184,"lv":184,"upNLv":5,"pre_lv":849.5,"base_damage":689,"showTips":2067,"cost":71200,"fireFrequency":130,"bulletNumber":2,"mainWeaponModel":"ui_weapons/main_weapons_37.png","bullet":67,"weapons_count":1,"main_3dModel":37,"main_ballistic_id":1},"185":{"mainWeaponId":185,"lv":185,"upNLv":5,"pre_lv":854.5,"base_damage":693,"showTips":2079,"cost":71600,"fireFrequency":130,"bulletNumber":3,"mainWeaponModel":"ui_weapons/main_weapons_37.png","bullet":64,"weapons_count":1,"main_3dModel":37,"main_ballistic_id":1},"186":{"mainWeaponId":186,"lv":186,"upNLv":5,"pre_lv":859.5,"base_damage":697,"showTips":2091,"cost":72000,"fireFrequency":130,"bulletNumber":3,"mainWeaponModel":"ui_weapons/main_weapons_38.png","bullet":65,"weapons_count":1,"main_3dModel":38,"main_ballistic_id":3},"187":{"mainWeaponId":187,"lv":187,"upNLv":5,"pre_lv":864.5,"base_damage":701,"showTips":2103,"cost":72400,"fireFrequency":130,"bulletNumber":3,"mainWeaponModel":"ui_weapons/main_weapons_38.png","bullet":66,"weapons_count":1,"main_3dModel":38,"main_ballistic_id":3},"188":{"mainWeaponId":188,"lv":188,"upNLv":5,"pre_lv":869.5,"base_damage":705,"showTips":2115,"cost":72800,"fireFrequency":130,"bulletNumber":3,"mainWeaponModel":"ui_weapons/main_weapons_38.png","bullet":67,"weapons_count":1,"main_3dModel":38,"main_ballistic_id":3},"189":{"mainWeaponId":189,"lv":189,"upNLv":5,"pre_lv":874.5,"base_damage":709,"showTips":2127,"cost":73200,"fireFrequency":130,"bulletNumber":3,"mainWeaponModel":"ui_weapons/main_weapons_38.png","bullet":64,"weapons_count":1,"main_3dModel":38,"main_ballistic_id":3},"190":{"mainWeaponId":190,"lv":190,"upNLv":5,"pre_lv":879.5,"base_damage":713,"showTips":2139,"cost":73600,"fireFrequency":130,"bulletNumber":3,"mainWeaponModel":"ui_weapons/main_weapons_38.png","bullet":65,"weapons_count":1,"main_3dModel":38,"main_ballistic_id":3},"191":{"mainWeaponId":191,"lv":191,"upNLv":5,"pre_lv":884.5,"base_damage":717,"showTips":2151,"cost":74000,"fireFrequency":130,"bulletNumber":3,"mainWeaponModel":"ui_weapons/main_weapons_39.png","bullet":66,"weapons_count":2,"main_3dModel":39,"main_ballistic_id":2},"192":{"mainWeaponId":192,"lv":192,"upNLv":5,"pre_lv":889.5,"base_damage":721,"showTips":2163,"cost":74400,"fireFrequency":130,"bulletNumber":3,"mainWeaponModel":"ui_weapons/main_weapons_39.png","bullet":67,"weapons_count":2,"main_3dModel":39,"main_ballistic_id":2},"193":{"mainWeaponId":193,"lv":193,"upNLv":5,"pre_lv":894.5,"base_damage":725,"showTips":2175,"cost":74800,"fireFrequency":130,"bulletNumber":3,"mainWeaponModel":"ui_weapons/main_weapons_39.png","bullet":64,"weapons_count":2,"main_3dModel":39,"main_ballistic_id":2},"194":{"mainWeaponId":194,"lv":194,"upNLv":5,"pre_lv":899.5,"base_damage":729,"showTips":2187,"cost":75200,"fireFrequency":130,"bulletNumber":3,"mainWeaponModel":"ui_weapons/main_weapons_39.png","bullet":65,"weapons_count":2,"main_3dModel":39,"main_ballistic_id":2},"195":{"mainWeaponId":195,"lv":195,"upNLv":5,"pre_lv":904.5,"base_damage":733,"showTips":2199,"cost":75600,"fireFrequency":130,"bulletNumber":3,"mainWeaponModel":"ui_weapons/main_weapons_39.png","bullet":66,"weapons_count":2,"main_3dModel":39,"main_ballistic_id":2},"196":{"mainWeaponId":196,"lv":196,"upNLv":5,"pre_lv":909.5,"base_damage":737,"showTips":2211,"cost":76000,"fireFrequency":200,"bulletNumber":4,"mainWeaponModel":"ui_weapons/main_weapons_40.png","bullet":67,"weapons_count":2,"main_3dModel":40,"main_ballistic_id":4},"197":{"mainWeaponId":197,"lv":197,"upNLv":5,"pre_lv":914.5,"base_damage":741,"showTips":2223,"cost":76400,"fireFrequency":200,"bulletNumber":4,"mainWeaponModel":"ui_weapons/main_weapons_40.png","bullet":64,"weapons_count":2,"main_3dModel":40,"main_ballistic_id":4},"198":{"mainWeaponId":198,"lv":198,"upNLv":5,"pre_lv":919.5,"base_damage":745,"showTips":2235,"cost":76800,"fireFrequency":200,"bulletNumber":4,"mainWeaponModel":"ui_weapons/main_weapons_40.png","bullet":65,"weapons_count":2,"main_3dModel":40,"main_ballistic_id":4},"199":{"mainWeaponId":199,"lv":199,"upNLv":5,"pre_lv":924.5,"base_damage":749,"showTips":2247,"cost":77200,"fireFrequency":200,"bulletNumber":4,"mainWeaponModel":"ui_weapons/main_weapons_40.png","bullet":66,"weapons_count":2,"main_3dModel":40,"main_ballistic_id":4},"200":{"mainWeaponId":200,"lv":200,"upNLv":5,"pre_lv":929.5,"base_damage":753,"showTips":2259,"cost":77600,"fireFrequency":200,"bulletNumber":4,"mainWeaponModel":"ui_weapons/main_weapons_40.png","bullet":67,"weapons_count":2,"main_3dModel":40,"main_ballistic_id":4},"201":{"mainWeaponId":201,"lv":201,"upNLv":5,"pre_lv":934.5,"base_damage":757,"showTips":2271,"cost":78000,"fireFrequency":200,"bulletNumber":4,"mainWeaponModel":"ui_weapons/main_weapons_41.png","bullet":64,"weapons_count":2,"main_3dModel":41,"main_ballistic_id":6},"202":{"mainWeaponId":202,"lv":202,"upNLv":5,"pre_lv":939.5,"base_damage":761,"showTips":2283,"cost":78400,"fireFrequency":200,"bulletNumber":4,"mainWeaponModel":"ui_weapons/main_weapons_41.png","bullet":65,"weapons_count":2,"main_3dModel":41,"main_ballistic_id":6},"203":{"mainWeaponId":203,"lv":203,"upNLv":5,"pre_lv":944.5,"base_damage":765,"showTips":2295,"cost":78800,"fireFrequency":200,"bulletNumber":4,"mainWeaponModel":"ui_weapons/main_weapons_41.png","bullet":66,"weapons_count":2,"main_3dModel":41,"main_ballistic_id":6},"204":{"mainWeaponId":204,"lv":204,"upNLv":5,"pre_lv":949.5,"base_damage":769,"showTips":2307,"cost":79200,"fireFrequency":200,"bulletNumber":4,"mainWeaponModel":"ui_weapons/main_weapons_41.png","bullet":67,"weapons_count":2,"main_3dModel":41,"main_ballistic_id":6},"205":{"mainWeaponId":205,"lv":205,"upNLv":5,"pre_lv":954.5,"base_damage":773,"showTips":2319,"cost":79600,"fireFrequency":200,"bulletNumber":4,"mainWeaponModel":"ui_weapons/main_weapons_41.png","bullet":64,"weapons_count":2,"main_3dModel":41,"main_ballistic_id":6},"206":{"mainWeaponId":206,"lv":206,"upNLv":5,"pre_lv":959.5,"base_damage":777,"showTips":2331,"cost":80000,"fireFrequency":200,"bulletNumber":4,"mainWeaponModel":"ui_weapons/main_weapons_42.png","bullet":65,"weapons_count":2,"main_3dModel":42,"main_ballistic_id":5},"207":{"mainWeaponId":207,"lv":207,"upNLv":5,"pre_lv":964.5,"base_damage":781,"showTips":2343,"cost":80400,"fireFrequency":200,"bulletNumber":4,"mainWeaponModel":"ui_weapons/main_weapons_42.png","bullet":66,"weapons_count":2,"main_3dModel":42,"main_ballistic_id":5},"208":{"mainWeaponId":208,"lv":208,"upNLv":5,"pre_lv":969.5,"base_damage":785,"showTips":2355,"cost":80800,"fireFrequency":200,"bulletNumber":4,"mainWeaponModel":"ui_weapons/main_weapons_42.png","bullet":67,"weapons_count":2,"main_3dModel":42,"main_ballistic_id":5},"209":{"mainWeaponId":209,"lv":209,"upNLv":5,"pre_lv":974.5,"base_damage":789,"showTips":2367,"cost":81200,"fireFrequency":200,"bulletNumber":4,"mainWeaponModel":"ui_weapons/main_weapons_42.png","bullet":64,"weapons_count":2,"main_3dModel":42,"main_ballistic_id":5},"210":{"mainWeaponId":210,"lv":210,"upNLv":5,"pre_lv":979.5,"base_damage":793,"showTips":2379,"cost":81600,"fireFrequency":200,"bulletNumber":4,"mainWeaponModel":"ui_weapons/main_weapons_42.png","bullet":65,"weapons_count":2,"main_3dModel":42,"main_ballistic_id":5},"211":{"mainWeaponId":211,"lv":211,"upNLv":5,"pre_lv":984.5,"base_damage":797,"showTips":2391,"cost":82000,"fireFrequency":130,"bulletNumber":2,"mainWeaponModel":"ui_weapons/main_weapons_43.png","bullet":68,"weapons_count":2,"main_3dModel":43,"main_ballistic_id":1},"212":{"mainWeaponId":212,"lv":212,"upNLv":5,"pre_lv":989.5,"base_damage":801,"showTips":2403,"cost":82400,"fireFrequency":130,"bulletNumber":2,"mainWeaponModel":"ui_weapons/main_weapons_43.png","bullet":69,"weapons_count":2,"main_3dModel":43,"main_ballistic_id":1},"213":{"mainWeaponId":213,"lv":213,"upNLv":5,"pre_lv":994.5,"base_damage":805,"showTips":2415,"cost":82800,"fireFrequency":130,"bulletNumber":2,"mainWeaponModel":"ui_weapons/main_weapons_43.png","bullet":70,"weapons_count":2,"main_3dModel":43,"main_ballistic_id":1},"214":{"mainWeaponId":214,"lv":214,"upNLv":5,"pre_lv":999.5,"base_damage":809,"showTips":2427,"cost":83200,"fireFrequency":130,"bulletNumber":2,"mainWeaponModel":"ui_weapons/main_weapons_43.png","bullet":71,"weapons_count":2,"main_3dModel":43,"main_ballistic_id":1},"215":{"mainWeaponId":215,"lv":215,"upNLv":5,"pre_lv":1004.5,"base_damage":813,"showTips":2439,"cost":83600,"fireFrequency":130,"bulletNumber":3,"mainWeaponModel":"ui_weapons/main_weapons_43.png","bullet":68,"weapons_count":2,"main_3dModel":43,"main_ballistic_id":1},"216":{"mainWeaponId":216,"lv":216,"upNLv":5,"pre_lv":1009.5,"base_damage":817,"showTips":2451,"cost":84000,"fireFrequency":130,"bulletNumber":3,"mainWeaponModel":"ui_weapons/main_weapons_44.png","bullet":69,"weapons_count":2,"main_3dModel":44,"main_ballistic_id":3},"217":{"mainWeaponId":217,"lv":217,"upNLv":5,"pre_lv":1014.5,"base_damage":821,"showTips":2463,"cost":84400,"fireFrequency":130,"bulletNumber":3,"mainWeaponModel":"ui_weapons/main_weapons_44.png","bullet":70,"weapons_count":2,"main_3dModel":44,"main_ballistic_id":3},"218":{"mainWeaponId":218,"lv":218,"upNLv":5,"pre_lv":1019.5,"base_damage":825,"showTips":2475,"cost":84800,"fireFrequency":130,"bulletNumber":3,"mainWeaponModel":"ui_weapons/main_weapons_44.png","bullet":71,"weapons_count":2,"main_3dModel":44,"main_ballistic_id":3},"219":{"mainWeaponId":219,"lv":219,"upNLv":5,"pre_lv":1024.5,"base_damage":829,"showTips":2487,"cost":85200,"fireFrequency":130,"bulletNumber":3,"mainWeaponModel":"ui_weapons/main_weapons_44.png","bullet":68,"weapons_count":2,"main_3dModel":44,"main_ballistic_id":3},"220":{"mainWeaponId":220,"lv":220,"upNLv":5,"pre_lv":1029.5,"base_damage":833,"showTips":2499,"cost":85600,"fireFrequency":130,"bulletNumber":3,"mainWeaponModel":"ui_weapons/main_weapons_44.png","bullet":69,"weapons_count":2,"main_3dModel":44,"main_ballistic_id":3},"221":{"mainWeaponId":221,"lv":221,"upNLv":5,"pre_lv":1034.5,"base_damage":837,"showTips":2511,"cost":86000,"fireFrequency":130,"bulletNumber":3,"mainWeaponModel":"ui_weapons/main_weapons_45.png","bullet":70,"weapons_count":2,"main_3dModel":45,"main_ballistic_id":2},"222":{"mainWeaponId":222,"lv":222,"upNLv":5,"pre_lv":1039.5,"base_damage":841,"showTips":2523,"cost":86400,"fireFrequency":130,"bulletNumber":3,"mainWeaponModel":"ui_weapons/main_weapons_45.png","bullet":71,"weapons_count":2,"main_3dModel":45,"main_ballistic_id":2},"223":{"mainWeaponId":223,"lv":223,"upNLv":5,"pre_lv":1044.5,"base_damage":845,"showTips":2535,"cost":86800,"fireFrequency":130,"bulletNumber":3,"mainWeaponModel":"ui_weapons/main_weapons_45.png","bullet":68,"weapons_count":2,"main_3dModel":45,"main_ballistic_id":2},"224":{"mainWeaponId":224,"lv":224,"upNLv":5,"pre_lv":1049.5,"base_damage":849,"showTips":2547,"cost":87200,"fireFrequency":130,"bulletNumber":3,"mainWeaponModel":"ui_weapons/main_weapons_45.png","bullet":69,"weapons_count":2,"main_3dModel":45,"main_ballistic_id":2},"225":{"mainWeaponId":225,"lv":225,"upNLv":5,"pre_lv":1054.5,"base_damage":853,"showTips":2559,"cost":87600,"fireFrequency":130,"bulletNumber":3,"mainWeaponModel":"ui_weapons/main_weapons_45.png","bullet":70,"weapons_count":2,"main_3dModel":45,"main_ballistic_id":2},"226":{"mainWeaponId":226,"lv":226,"upNLv":5,"pre_lv":1059.5,"base_damage":857,"showTips":2571,"cost":88000,"fireFrequency":130,"bulletNumber":3,"mainWeaponModel":"ui_weapons/main_weapons_46.png","bullet":71,"weapons_count":2,"main_3dModel":46,"main_ballistic_id":5},"227":{"mainWeaponId":227,"lv":227,"upNLv":5,"pre_lv":1064.5,"base_damage":861,"showTips":2583,"cost":88400,"fireFrequency":130,"bulletNumber":3,"mainWeaponModel":"ui_weapons/main_weapons_46.png","bullet":68,"weapons_count":2,"main_3dModel":46,"main_ballistic_id":5},"228":{"mainWeaponId":228,"lv":228,"upNLv":5,"pre_lv":1069.5,"base_damage":865,"showTips":2595,"cost":88800,"fireFrequency":130,"bulletNumber":3,"mainWeaponModel":"ui_weapons/main_weapons_46.png","bullet":69,"weapons_count":2,"main_3dModel":46,"main_ballistic_id":5},"229":{"mainWeaponId":229,"lv":229,"upNLv":5,"pre_lv":1074.5,"base_damage":869,"showTips":2607,"cost":89200,"fireFrequency":130,"bulletNumber":3,"mainWeaponModel":"ui_weapons/main_weapons_46.png","bullet":70,"weapons_count":2,"main_3dModel":46,"main_ballistic_id":5},"230":{"mainWeaponId":230,"lv":230,"upNLv":5,"pre_lv":1079.5,"base_damage":873,"showTips":2619,"cost":89600,"fireFrequency":130,"bulletNumber":3,"mainWeaponModel":"ui_weapons/main_weapons_46.png","bullet":71,"weapons_count":2,"main_3dModel":46,"main_ballistic_id":5},"231":{"mainWeaponId":231,"lv":231,"upNLv":5,"pre_lv":1084.5,"base_damage":877,"showTips":2631,"cost":90000,"fireFrequency":200,"bulletNumber":4,"mainWeaponModel":"ui_weapons/main_weapons_47.png","bullet":68,"weapons_count":2,"main_3dModel":47,"main_ballistic_id":3},"232":{"mainWeaponId":232,"lv":232,"upNLv":5,"pre_lv":1089.5,"base_damage":881,"showTips":2643,"cost":90400,"fireFrequency":200,"bulletNumber":4,"mainWeaponModel":"ui_weapons/main_weapons_47.png","bullet":69,"weapons_count":2,"main_3dModel":47,"main_ballistic_id":3},"233":{"mainWeaponId":233,"lv":233,"upNLv":5,"pre_lv":1094.5,"base_damage":885,"showTips":2655,"cost":90800,"fireFrequency":200,"bulletNumber":4,"mainWeaponModel":"ui_weapons/main_weapons_47.png","bullet":70,"weapons_count":2,"main_3dModel":47,"main_ballistic_id":3},"234":{"mainWeaponId":234,"lv":234,"upNLv":5,"pre_lv":1099.5,"base_damage":889,"showTips":2667,"cost":91200,"fireFrequency":200,"bulletNumber":4,"mainWeaponModel":"ui_weapons/main_weapons_47.png","bullet":71,"weapons_count":2,"main_3dModel":47,"main_ballistic_id":3},"235":{"mainWeaponId":235,"lv":235,"upNLv":5,"pre_lv":1104.5,"base_damage":893,"showTips":2679,"cost":91600,"fireFrequency":200,"bulletNumber":4,"mainWeaponModel":"ui_weapons/main_weapons_47.png","bullet":68,"weapons_count":2,"main_3dModel":47,"main_ballistic_id":3},"236":{"mainWeaponId":236,"lv":236,"upNLv":5,"pre_lv":1109.5,"base_damage":897,"showTips":2691,"cost":92000,"fireFrequency":200,"bulletNumber":4,"mainWeaponModel":"ui_weapons/main_weapons_48.png","bullet":69,"weapons_count":2,"main_3dModel":48,"main_ballistic_id":4},"237":{"mainWeaponId":237,"lv":237,"upNLv":5,"pre_lv":1114.5,"base_damage":901,"showTips":2703,"cost":92400,"fireFrequency":200,"bulletNumber":4,"mainWeaponModel":"ui_weapons/main_weapons_48.png","bullet":70,"weapons_count":2,"main_3dModel":48,"main_ballistic_id":4},"238":{"mainWeaponId":238,"lv":238,"upNLv":5,"pre_lv":1119.5,"base_damage":905,"showTips":2715,"cost":92800,"fireFrequency":200,"bulletNumber":4,"mainWeaponModel":"ui_weapons/main_weapons_48.png","bullet":71,"weapons_count":2,"main_3dModel":48,"main_ballistic_id":4},"239":{"mainWeaponId":239,"lv":239,"upNLv":5,"pre_lv":1124.5,"base_damage":909,"showTips":2727,"cost":93200,"fireFrequency":200,"bulletNumber":4,"mainWeaponModel":"ui_weapons/main_weapons_48.png","bullet":68,"weapons_count":2,"main_3dModel":48,"main_ballistic_id":4},"240":{"mainWeaponId":240,"lv":240,"upNLv":5,"pre_lv":1129.5,"base_damage":913,"showTips":2739,"cost":93600,"fireFrequency":200,"bulletNumber":4,"mainWeaponModel":"ui_weapons/main_weapons_48.png","bullet":69,"weapons_count":2,"main_3dModel":48,"main_ballistic_id":4},"241":{"mainWeaponId":241,"lv":241,"upNLv":5,"pre_lv":1134.5,"base_damage":917,"showTips":2751,"cost":94000,"fireFrequency":200,"bulletNumber":4,"mainWeaponModel":"ui_weapons/main_weapons_49.png","bullet":70,"weapons_count":2,"main_3dModel":49,"main_ballistic_id":6},"242":{"mainWeaponId":242,"lv":242,"upNLv":5,"pre_lv":1139.5,"base_damage":921,"showTips":2763,"cost":94400,"fireFrequency":200,"bulletNumber":4,"mainWeaponModel":"ui_weapons/main_weapons_49.png","bullet":71,"weapons_count":2,"main_3dModel":49,"main_ballistic_id":6},"243":{"mainWeaponId":243,"lv":243,"upNLv":5,"pre_lv":1144.5,"base_damage":925,"showTips":2775,"cost":94800,"fireFrequency":200,"bulletNumber":4,"mainWeaponModel":"ui_weapons/main_weapons_49.png","bullet":68,"weapons_count":2,"main_3dModel":49,"main_ballistic_id":6},"244":{"mainWeaponId":244,"lv":244,"upNLv":5,"pre_lv":1149.5,"base_damage":929,"showTips":2787,"cost":95200,"fireFrequency":200,"bulletNumber":4,"mainWeaponModel":"ui_weapons/main_weapons_49.png","bullet":69,"weapons_count":2,"main_3dModel":49,"main_ballistic_id":6},"245":{"mainWeaponId":245,"lv":245,"upNLv":5,"pre_lv":1154.5,"base_damage":933,"showTips":2799,"cost":95600,"fireFrequency":200,"bulletNumber":4,"mainWeaponModel":"ui_weapons/main_weapons_49.png","bullet":70,"weapons_count":2,"main_3dModel":49,"main_ballistic_id":6},"246":{"mainWeaponId":246,"lv":246,"upNLv":5,"pre_lv":1159.5,"base_damage":937,"showTips":2811,"cost":96000,"fireFrequency":200,"bulletNumber":4,"mainWeaponModel":"ui_weapons/main_weapons_50.png","bullet":71,"weapons_count":2,"main_3dModel":50,"main_ballistic_id":5},"247":{"mainWeaponId":247,"lv":247,"upNLv":5,"pre_lv":1164.5,"base_damage":941,"showTips":2823,"cost":96400,"fireFrequency":200,"bulletNumber":4,"mainWeaponModel":"ui_weapons/main_weapons_50.png","bullet":68,"weapons_count":2,"main_3dModel":50,"main_ballistic_id":5},"248":{"mainWeaponId":248,"lv":248,"upNLv":5,"pre_lv":1169.5,"base_damage":945,"showTips":2835,"cost":96800,"fireFrequency":200,"bulletNumber":4,"mainWeaponModel":"ui_weapons/main_weapons_50.png","bullet":69,"weapons_count":2,"main_3dModel":50,"main_ballistic_id":5},"249":{"mainWeaponId":249,"lv":249,"upNLv":5,"pre_lv":1174.5,"base_damage":949,"showTips":2847,"cost":97200,"fireFrequency":200,"bulletNumber":4,"mainWeaponModel":"ui_weapons/main_weapons_50.png","bullet":70,"weapons_count":2,"main_3dModel":50,"main_ballistic_id":5},"250":{"mainWeaponId":250,"lv":250,"upNLv":5,"pre_lv":1179.5,"base_damage":953,"showTips":2859,"cost":97600,"fireFrequency":200,"bulletNumber":4,"mainWeaponModel":"ui_weapons/main_weapons_50.png","bullet":71,"weapons_count":2,"main_3dModel":50,"main_ballistic_id":5}},"mainWeapons":{"1":{"mainWeaponId":1,"lv":1,"sDps":8,"showTips":24,"fireFrequency":130,"bulletNumber":1,"mainWeaponModel":"ui_weapons/main_weapons_1.png","bullet":2,"weapons_count":1,"main_3dModel":1,"main_ballistic_id":1},"2":{"mainWeaponId":2,"lv":2,"sDps":16,"showTips":48,"fireFrequency":130,"bulletNumber":2,"mainWeaponModel":"ui_weapons/main_weapons_2.png","bullet":3,"weapons_count":1,"main_3dModel":2,"main_ballistic_id":2},"3":{"mainWeaponId":3,"lv":3,"sDps":24,"showTips":72,"fireFrequency":130,"bulletNumber":3,"mainWeaponModel":"ui_weapons/main_weapons_3.png","bullet":4,"weapons_count":2,"main_3dModel":3,"main_ballistic_id":3},"4":{"mainWeaponId":4,"lv":4,"sDps":32,"showTips":96,"fireFrequency":130,"bulletNumber":3,"mainWeaponModel":"ui_weapons/main_weapons_4.png","bullet":5,"weapons_count":2,"main_3dModel":4,"main_ballistic_id":4},"5":{"mainWeaponId":5,"lv":5,"sDps":40,"showTips":120,"fireFrequency":130,"bulletNumber":3,"mainWeaponModel":"ui_weapons/main_weapons_5.png","bullet":5,"weapons_count":1,"main_3dModel":5,"main_ballistic_id":5},"6":{"mainWeaponId":6,"lv":6,"sDps":48,"showTips":144,"fireFrequency":130,"bulletNumber":3,"mainWeaponModel":"ui_weapons/main_weapons_6.png","bullet":48,"weapons_count":1,"main_3dModel":6,"main_ballistic_id":1},"7":{"mainWeaponId":7,"lv":7,"sDps":56,"showTips":168,"fireFrequency":130,"bulletNumber":3,"mainWeaponModel":"ui_weapons/main_weapons_7.png","bullet":48,"weapons_count":2,"main_3dModel":7,"main_ballistic_id":2},"8":{"mainWeaponId":8,"lv":8,"sDps":64,"showTips":192,"fireFrequency":130,"bulletNumber":3,"mainWeaponModel":"ui_weapons/main_weapons_8.png","bullet":49,"weapons_count":2,"main_3dModel":8,"main_ballistic_id":3},"9":{"mainWeaponId":9,"lv":9,"sDps":72,"showTips":216,"fireFrequency":200,"bulletNumber":3,"mainWeaponModel":"ui_weapons/main_weapons_9.png","bullet":50,"weapons_count":1,"main_3dModel":9,"main_ballistic_id":4},"10":{"mainWeaponId":10,"lv":10,"sDps":80,"showTips":240,"fireFrequency":200,"bulletNumber":3,"mainWeaponModel":"ui_weapons/main_weapons_10.png","bullet":51,"weapons_count":1,"main_3dModel":10,"main_ballistic_id":5},"11":{"mainWeaponId":11,"lv":11,"sDps":88,"showTips":264,"fireFrequency":130,"bulletNumber":3,"mainWeaponModel":"ui_weapons/main_weapons_11.png","bullet":6,"weapons_count":2,"main_3dModel":11,"main_ballistic_id":1},"12":{"mainWeaponId":12,"lv":12,"sDps":96,"showTips":288,"fireFrequency":130,"bulletNumber":3,"mainWeaponModel":"ui_weapons/main_weapons_12.png","bullet":6,"weapons_count":2,"main_3dModel":12,"main_ballistic_id":2},"13":{"mainWeaponId":13,"lv":13,"sDps":104,"showTips":312,"fireFrequency":130,"bulletNumber":3,"mainWeaponModel":"ui_weapons/main_weapons_13.png","bullet":7,"weapons_count":1,"main_3dModel":13,"main_ballistic_id":3},"14":{"mainWeaponId":14,"lv":14,"sDps":112,"showTips":336,"fireFrequency":200,"bulletNumber":3,"mainWeaponModel":"ui_weapons/main_weapons_14.png","bullet":8,"weapons_count":1,"main_3dModel":14,"main_ballistic_id":4},"15":{"mainWeaponId":15,"lv":15,"sDps":120,"showTips":360,"fireFrequency":200,"bulletNumber":3,"mainWeaponModel":"ui_weapons/main_weapons_15.png","bullet":14,"weapons_count":2,"main_3dModel":15,"main_ballistic_id":5},"16":{"mainWeaponId":16,"lv":16,"sDps":128,"showTips":384,"fireFrequency":130,"bulletNumber":3,"mainWeaponModel":"ui_weapons/main_weapons_16.png","bullet":15,"weapons_count":2,"main_3dModel":16,"main_ballistic_id":1},"17":{"mainWeaponId":17,"lv":17,"sDps":136,"showTips":408,"fireFrequency":130,"bulletNumber":4,"mainWeaponModel":"ui_weapons/main_weapons_17.png","bullet":15,"weapons_count":1,"main_3dModel":17,"main_ballistic_id":2},"18":{"mainWeaponId":18,"lv":18,"sDps":144,"showTips":432,"fireFrequency":130,"bulletNumber":4,"mainWeaponModel":"ui_weapons/main_weapons_18.png","bullet":16,"weapons_count":1,"main_3dModel":18,"main_ballistic_id":3},"19":{"mainWeaponId":19,"lv":19,"sDps":152,"showTips":456,"fireFrequency":200,"bulletNumber":4,"mainWeaponModel":"ui_weapons/main_weapons_19.png","bullet":17,"weapons_count":2,"main_3dModel":19,"main_ballistic_id":4},"20":{"mainWeaponId":20,"lv":20,"sDps":160,"showTips":480,"fireFrequency":200,"bulletNumber":4,"mainWeaponModel":"ui_weapons/main_weapons_20.png","bullet":18,"weapons_count":2,"main_3dModel":20,"main_ballistic_id":5},"21":{"mainWeaponId":21,"lv":21,"sDps":170,"showTips":510,"fireFrequency":130,"bulletNumber":3,"mainWeaponModel":"ui_weapons/main_weapons_21.png","bullet":56,"weapons_count":1,"main_3dModel":21,"main_ballistic_id":1},"22":{"mainWeaponId":22,"lv":22,"sDps":180,"showTips":540,"fireFrequency":130,"bulletNumber":4,"mainWeaponModel":"ui_weapons/main_weapons_22.png","bullet":56,"weapons_count":1,"main_3dModel":22,"main_ballistic_id":2},"23":{"mainWeaponId":23,"lv":23,"sDps":190,"showTips":570,"fireFrequency":130,"bulletNumber":4,"mainWeaponModel":"ui_weapons/main_weapons_23.png","bullet":57,"weapons_count":2,"main_3dModel":23,"main_ballistic_id":3},"24":{"mainWeaponId":24,"lv":24,"sDps":200,"showTips":600,"fireFrequency":200,"bulletNumber":4,"mainWeaponModel":"ui_weapons/main_weapons_24.png","bullet":58,"weapons_count":2,"main_3dModel":24,"main_ballistic_id":4},"25":{"mainWeaponId":25,"lv":25,"sDps":210,"showTips":630,"fireFrequency":200,"bulletNumber":4,"mainWeaponModel":"ui_weapons/main_weapons_25.png","bullet":59,"weapons_count":1,"main_3dModel":25,"main_ballistic_id":5},"26":{"mainWeaponId":26,"lv":26,"sDps":220,"showTips":660,"fireFrequency":130,"bulletNumber":3,"mainWeaponModel":"ui_weapons/main_weapons_26.png","bullet":52,"weapons_count":1,"main_3dModel":26,"main_ballistic_id":1},"27":{"mainWeaponId":27,"lv":27,"sDps":230,"showTips":690,"fireFrequency":130,"bulletNumber":4,"mainWeaponModel":"ui_weapons/main_weapons_27.png","bullet":52,"weapons_count":2,"main_3dModel":27,"main_ballistic_id":2},"28":{"mainWeaponId":28,"lv":28,"sDps":240,"showTips":720,"fireFrequency":130,"bulletNumber":4,"mainWeaponModel":"ui_weapons/main_weapons_28.png","bullet":53,"weapons_count":2,"main_3dModel":28,"main_ballistic_id":3},"29":{"mainWeaponId":29,"lv":29,"sDps":250,"showTips":750,"fireFrequency":200,"bulletNumber":4,"mainWeaponModel":"ui_weapons/main_weapons_29.png","bullet":54,"weapons_count":1,"main_3dModel":29,"main_ballistic_id":4},"30":{"mainWeaponId":30,"lv":30,"sDps":260,"showTips":780,"fireFrequency":200,"bulletNumber":4,"mainWeaponModel":"ui_weapons/main_weapons_30.png","bullet":55,"weapons_count":1,"main_3dModel":30,"main_ballistic_id":5},"31":{"mainWeaponId":31,"lv":31,"sDps":272,"showTips":816,"fireFrequency":130,"bulletNumber":3,"mainWeaponModel":"ui_weapons/main_weapons_31.png","bullet":60,"weapons_count":2,"main_3dModel":31,"main_ballistic_id":1},"32":{"mainWeaponId":32,"lv":32,"sDps":284,"showTips":852,"fireFrequency":130,"bulletNumber":4,"mainWeaponModel":"ui_weapons/main_weapons_32.png","bullet":60,"weapons_count":1,"main_3dModel":32,"main_ballistic_id":2},"33":{"mainWeaponId":33,"lv":33,"sDps":296,"showTips":888,"fireFrequency":130,"bulletNumber":4,"mainWeaponModel":"ui_weapons/main_weapons_33.png","bullet":61,"weapons_count":1,"main_3dModel":33,"main_ballistic_id":3},"34":{"mainWeaponId":34,"lv":34,"sDps":308,"showTips":924,"fireFrequency":200,"bulletNumber":4,"mainWeaponModel":"ui_weapons/main_weapons_34.png","bullet":62,"weapons_count":2,"main_3dModel":34,"main_ballistic_id":4},"35":{"mainWeaponId":35,"lv":35,"sDps":320,"showTips":960,"fireFrequency":200,"bulletNumber":4,"mainWeaponModel":"ui_weapons/main_weapons_35.png","bullet":63,"weapons_count":2,"main_3dModel":35,"main_ballistic_id":5},"36":{"mainWeaponId":36,"lv":36,"sDps":332,"showTips":996,"fireFrequency":200,"bulletNumber":4,"mainWeaponModel":"ui_weapons/main_weapons_36.png","bullet":19,"weapons_count":2,"main_3dModel":36,"main_ballistic_id":1},"37":{"mainWeaponId":37,"lv":37,"sDps":344,"showTips":1032,"fireFrequency":130,"bulletNumber":4,"mainWeaponModel":"ui_weapons/main_weapons_37.png","bullet":19,"weapons_count":1,"main_3dModel":37,"main_ballistic_id":2},"38":{"mainWeaponId":38,"lv":38,"sDps":356,"showTips":1068,"fireFrequency":130,"bulletNumber":4,"mainWeaponModel":"ui_weapons/main_weapons_38.png","bullet":20,"weapons_count":1,"main_3dModel":38,"main_ballistic_id":3},"39":{"mainWeaponId":39,"lv":39,"sDps":368,"showTips":1104,"fireFrequency":130,"bulletNumber":4,"mainWeaponModel":"ui_weapons/main_weapons_39.png","bullet":21,"weapons_count":2,"main_3dModel":39,"main_ballistic_id":4},"40":{"mainWeaponId":40,"lv":40,"sDps":380,"showTips":1140,"fireFrequency":200,"bulletNumber":4,"mainWeaponModel":"ui_weapons/main_weapons_40.png","bullet":22,"weapons_count":2,"main_3dModel":40,"main_ballistic_id":5},"41":{"mainWeaponId":41,"lv":41,"sDps":396,"showTips":1188,"fireFrequency":200,"bulletNumber":4,"mainWeaponModel":"ui_weapons/main_weapons_41.png","bullet":64,"weapons_count":2,"main_3dModel":41,"main_ballistic_id":1},"42":{"mainWeaponId":42,"lv":42,"sDps":412,"showTips":1236,"fireFrequency":200,"bulletNumber":4,"mainWeaponModel":"ui_weapons/main_weapons_42.png","bullet":64,"weapons_count":2,"main_3dModel":42,"main_ballistic_id":2},"43":{"mainWeaponId":43,"lv":43,"sDps":428,"showTips":1284,"fireFrequency":130,"bulletNumber":4,"mainWeaponModel":"ui_weapons/main_weapons_43.png","bullet":65,"weapons_count":2,"main_3dModel":43,"main_ballistic_id":3},"44":{"mainWeaponId":44,"lv":44,"sDps":444,"showTips":1332,"fireFrequency":130,"bulletNumber":4,"mainWeaponModel":"ui_weapons/main_weapons_44.png","bullet":66,"weapons_count":2,"main_3dModel":44,"main_ballistic_id":4},"45":{"mainWeaponId":45,"lv":45,"sDps":460,"showTips":1380,"fireFrequency":130,"bulletNumber":4,"mainWeaponModel":"ui_weapons/main_weapons_45.png","bullet":67,"weapons_count":2,"main_3dModel":45,"main_ballistic_id":5},"46":{"mainWeaponId":46,"lv":46,"sDps":476,"showTips":1428,"fireFrequency":130,"bulletNumber":4,"mainWeaponModel":"ui_weapons/main_weapons_46.png","bullet":68,"weapons_count":2,"main_3dModel":46,"main_ballistic_id":1},"47":{"mainWeaponId":47,"lv":47,"sDps":492,"showTips":1476,"fireFrequency":200,"bulletNumber":4,"mainWeaponModel":"ui_weapons/main_weapons_47.png","bullet":68,"weapons_count":2,"main_3dModel":47,"main_ballistic_id":2},"48":{"mainWeaponId":48,"lv":48,"sDps":508,"showTips":1524,"fireFrequency":200,"bulletNumber":4,"mainWeaponModel":"ui_weapons/main_weapons_48.png","bullet":69,"weapons_count":2,"main_3dModel":48,"main_ballistic_id":3},"49":{"mainWeaponId":49,"lv":49,"sDps":524,"showTips":1572,"fireFrequency":200,"bulletNumber":4,"mainWeaponModel":"ui_weapons/main_weapons_49.png","bullet":70,"weapons_count":2,"main_3dModel":49,"main_ballistic_id":4},"50":{"mainWeaponId":50,"lv":50,"sDps":540,"showTips":1620,"fireFrequency":200,"bulletNumber":4,"mainWeaponModel":"ui_weapons/main_weapons_50.png","bullet":71,"weapons_count":2,"main_3dModel":50,"main_ballistic_id":5}}}